invoice,branch,city,member_type,gender,product _line,total,payment,gross_income,rating
750-67-8428,A,Yangon,Member,Female,Health and beauty,548.9715,Ewallet,26.1415,9.1
226-31-3081,C,Naypyitaw,Normal,Female,Electronic accessories,80.22,Cash,3.82,9.6
631-41-3108,A,Yangon,Normal,Male,Home and lifestyle,340.5255,Credit card,16.2155,7.4
123-19-1176,A,Yangon,Member,Male,Health and beauty,489.048,Ewallet,23.288,8.4
373-73-7910,A,Yangon,Normal,Male,Sports and travel,634.3785,Ewallet,30.2085,5.3
699-14-3026,C,Naypyitaw,Normal,Male,Electronic accessories,627.6165,Ewallet,29.8865,4.1
355-53-5943,A,Yangon,Member,Female,Electronic accessories,433.692,Ewallet,20.652,5.8
315-22-5665,C,Naypyitaw,Normal,Female,Home and lifestyle,772.38,Ewallet,36.78,8
665-32-9167,A,Yangon,Member,Female,Health and beauty,76.146,Credit card,3.626,7.2
692-92-5582,B,Mandalay,Member,Female,Food and beverages,172.746,Credit card,8.226,5.9
351-62-0822,B,Mandalay,Member,Female,Fashion accessories,60.816,Ewallet,2.896,4.5
529-56-3974,B,Mandalay,Member,Male,Electronic accessories,107.142,Cash,5.102,6.8
365-64-0515,A,Yangon,Normal,Female,Electronic accessories,246.4875,Ewallet,11.7375,7.1
252-56-2699,A,Yangon,Normal,Male,Food and beverages,453.495,Ewallet,21.595,8.2
829-34-3910,A,Yangon,Normal,Female,Health and beauty,749.49,Cash,35.69,5.7
299-46-1805,B,Mandalay,Member,Female,Sports and travel,590.436,Cash,28.116,4.5
656-95-9349,A,Yangon,Member,Female,Health and beauty,506.6355,Credit card,24.1255,4.6
765-26-6951,A,Yangon,Normal,Male,Sports and travel,457.443,Credit card,21.783,6.9
329-62-1586,A,Yangon,Normal,Male,Food and beverages,172.2105,Credit card,8.2005,8.6
319-50-3348,B,Mandalay,Normal,Female,Home and lifestyle,84.63,Ewallet,4.03,4.4
300-71-4605,C,Naypyitaw,Member,Male,Electronic accessories,451.71,Ewallet,21.51,4.8
371-85-5789,B,Mandalay,Normal,Male,Health and beauty,277.137,Ewallet,13.197,5.1
273-16-6619,B,Mandalay,Normal,Male,Home and lifestyle,69.72,Credit card,3.32,4.4
636-48-8204,A,Yangon,Normal,Male,Electronic accessories,181.44,Ewallet,8.64,9.9
549-59-1358,A,Yangon,Member,Male,Sports and travel,279.1845,Ewallet,13.2945,6
227-03-5010,A,Yangon,Member,Female,Home and lifestyle,441.756,Credit card,21.036,8.5
649-29-6775,B,Mandalay,Normal,Male,Fashion accessories,35.196,Cash,1.676,6.7
189-17-4241,A,Yangon,Normal,Female,Fashion accessories,184.107,Credit card,8.767,7.7
145-94-9061,B,Mandalay,Normal,Female,Food and beverages,463.89,Cash,22.09,9.6
848-62-7243,A,Yangon,Normal,Male,Health and beauty,235.2105,Cash,11.2005,7.4
871-79-8483,B,Mandalay,Normal,Male,Fashion accessories,494.1825,Credit card,23.5325,4.8
149-71-6266,B,Mandalay,Member,Male,Sports and travel,737.7615,Cash,35.1315,4.5
640-49-2076,B,Mandalay,Normal,Male,Sports and travel,703.752,Cash,33.512,5.1
595-11-5460,A,Yangon,Normal,Male,Health and beauty,202.818,Credit card,9.658,5.1
183-56-6882,C,Naypyitaw,Member,Female,Food and beverages,417.564,Ewallet,19.884,7.5
232-16-2483,C,Naypyitaw,Member,Female,Sports and travel,71.526,Ewallet,3.406,6.8
129-29-8530,A,Yangon,Member,Male,Sports and travel,328.755,Ewallet,15.655,7
272-65-1806,A,Yangon,Normal,Female,Electronic accessories,575.316,Ewallet,27.396,4.7
333-73-7901,C,Naypyitaw,Normal,Female,Health and beauty,461.328,Ewallet,21.968,7.6
777-82-7220,B,Mandalay,Member,Male,Home and lifestyle,253.008,Cash,12.048,7.7
280-35-5823,B,Mandalay,Member,Female,Home and lifestyle,91.056,Ewallet,4.336,7.9
554-53-8700,C,Naypyitaw,Member,Male,Home and lifestyle,117.831,Cash,5.611,6.3
354-25-5821,B,Mandalay,Member,Female,Sports and travel,435.456,Cash,20.736,5.6
228-96-1411,C,Naypyitaw,Member,Female,Food and beverages,829.08,Cash,39.48,7.6
617-15-4209,C,Naypyitaw,Member,Male,Health and beauty,32.277,Cash,1.537,7.2
132-32-9879,B,Mandalay,Member,Female,Electronic accessories,394.632,Cash,18.792,9.5
370-41-7321,B,Mandalay,Member,Male,Health and beauty,535.7205,Credit card,25.5105,8.4
727-46-3608,B,Mandalay,Member,Female,Food and beverages,189.0945,Ewallet,9.0045,4.1
669-54-1719,B,Mandalay,Member,Male,Electronic accessories,119.259,Credit card,5.679,8.1
574-22-5561,C,Naypyitaw,Member,Female,Fashion accessories,867.615,Ewallet,41.315,7.9
326-78-5178,C,Naypyitaw,Member,Male,Food and beverages,671.79,Cash,31.99,9.5
162-48-8011,A,Yangon,Member,Female,Food and beverages,234.0975,Cash,11.1475,8.5
616-24-2851,B,Mandalay,Member,Female,Fashion accessories,75.054,Ewallet,3.574,6.5
778-71-5554,C,Naypyitaw,Member,Male,Fashion accessories,16.2015,Credit card,0.7715,6.1
242-55-6721,B,Mandalay,Normal,Male,Home and lifestyle,33.936,Ewallet,1.616,6.5
399-46-5918,C,Naypyitaw,Normal,Female,Electronic accessories,722.232,Cash,34.392,8.2
106-35-6779,A,Yangon,Member,Male,Home and lifestyle,93.114,Cash,4.434,5.8
635-40-6220,A,Yangon,Normal,Male,Health and beauty,752.64,Ewallet,35.84,6.6
817-48-8732,A,Yangon,Member,Female,Home and lifestyle,759.675,Cash,36.175,5.4
120-06-4233,C,Naypyitaw,Normal,Male,Electronic accessories,192.843,Cash,9.183,9.3
285-68-5083,C,Naypyitaw,Member,Female,Sports and travel,77.931,Credit card,3.711,10
803-83-5989,C,Naypyitaw,Normal,Male,Home and lifestyle,351.099,Ewallet,16.719,7
347-34-2234,B,Mandalay,Member,Female,Sports and travel,520.4115,Ewallet,24.7815,10
199-75-8169,A,Yangon,Member,Male,Sports and travel,166.005,Credit card,7.905,8.6
853-23-2453,B,Mandalay,Member,Male,Health and beauty,318.108,Cash,15.148,7.6
877-22-3308,A,Yangon,Member,Male,Health and beauty,166.635,Cash,7.935,5.8
838-78-4295,C,Naypyitaw,Normal,Female,Health and beauty,70.287,Ewallet,3.347,6.7
109-28-2512,B,Mandalay,Member,Female,Fashion accessories,614.943,Ewallet,29.283,9.9
232-11-3025,A,Yangon,Normal,Male,Sports and travel,827.085,Cash,39.385,6.4
382-03-4532,A,Yangon,Member,Female,Health and beauty,19.2465,Cash,0.9165,4.3
393-65-2792,C,Naypyitaw,Normal,Male,Food and beverages,939.54,Credit card,44.74,9.6
796-12-2025,C,Naypyitaw,Normal,Male,Fashion accessories,652.26,Cash,31.06,5.9
510-95-6347,B,Mandalay,Member,Female,Food and beverages,152.838,Ewallet,7.278,4
841-35-6630,C,Naypyitaw,Normal,Female,Electronic accessories,478.233,Cash,22.773,8.7
287-21-9091,A,Yangon,Normal,Male,Home and lifestyle,705.6315,Ewallet,33.6015,9.4
732-94-0499,C,Naypyitaw,Normal,Female,Electronic accessories,437.325,Credit card,20.825,5.4
263-10-3913,C,Naypyitaw,Member,Male,Fashion accessories,463.428,Credit card,22.068,8.6
381-20-0914,A,Yangon,Member,Female,Fashion accessories,189.0945,Credit card,9.0045,5.7
829-49-1914,C,Naypyitaw,Member,Female,Food and beverages,822.255,Ewallet,39.155,6.6
756-01-7507,C,Naypyitaw,Normal,Female,Health and beauty,106.995,Cash,5.095,6
870-72-4431,C,Naypyitaw,Normal,Female,Health and beauty,624.897,Credit card,29.757,5.5
847-38-7188,B,Mandalay,Normal,Female,Food and beverages,304.542,Ewallet,14.502,6.4
480-63-2856,C,Naypyitaw,Normal,Male,Food and beverages,161.7,Ewallet,7.7,6.6
787-56-0757,C,Naypyitaw,Member,Female,Food and beverages,337.512,Credit card,16.072,8.3
360-39-5055,C,Naypyitaw,Member,Male,Sports and travel,256.7775,Cash,12.2275,6.6
730-50-9884,C,Naypyitaw,Normal,Female,Sports and travel,610.491,Ewallet,29.071,4
362-58-8315,C,Naypyitaw,Normal,Male,Fashion accessories,401.73,Cash,19.13,9.9
633-44-8566,A,Yangon,Member,Male,Food and beverages,362.943,Credit card,17.283,7.3
504-35-8843,A,Yangon,Normal,Male,Sports and travel,44.5935,Cash,2.1235,5.7
318-68-5053,B,Mandalay,Normal,Female,Health and beauty,485.037,Cash,23.097,6.1
565-80-5980,C,Naypyitaw,Member,Female,Home and lifestyle,198.996,Cash,9.476,7.1
225-32-0908,C,Naypyitaw,Normal,Female,Sports and travel,471.03,Ewallet,22.43,8.2
873-51-0671,A,Yangon,Member,Female,Sports and travel,161.553,Ewallet,7.693,5.1
152-08-9985,B,Mandalay,Member,Male,Health and beauty,608.202,Credit card,28.962,8.6
512-91-0811,C,Naypyitaw,Normal,Male,Health and beauty,94.2375,Credit card,4.4875,6.6
594-34-4444,A,Yangon,Normal,Male,Electronic accessories,102.018,Ewallet,4.858,7.2
766-85-7061,B,Mandalay,Normal,Male,Health and beauty,922.635,Ewallet,43.935,5.1
871-39-9221,C,Naypyitaw,Normal,Female,Electronic accessories,78.435,Cash,3.735,4.1
865-92-6136,A,Yangon,Normal,Male,Food and beverages,166.1625,Ewallet,7.9125,9.3
733-01-9107,B,Mandalay,Normal,Male,Home and lifestyle,521.01,Cash,24.81,7.4
163-56-7055,C,Naypyitaw,Member,Male,Fashion accessories,51.1455,Cash,2.4355,4.1
189-98-2939,C,Naypyitaw,Normal,Male,Fashion accessories,742.2975,Cash,35.3475,7.2
551-21-3069,C,Naypyitaw,Normal,Female,Electronic accessories,218.0115,Cash,10.3815,4.9
212-62-1842,A,Yangon,Normal,Male,Food and beverages,367.038,Cash,17.478,9.9
716-39-1409,B,Mandalay,Normal,Male,Health and beauty,223.0725,Cash,10.6225,8
704-48-3927,A,Yangon,Member,Male,Electronic accessories,931.035,Ewallet,44.335,7.3
628-34-3388,C,Naypyitaw,Normal,Male,Fashion accessories,172.494,Credit card,8.214,7.9
630-74-5166,A,Yangon,Normal,Male,Sports and travel,391.419,Cash,18.639,7.4
588-01-7461,C,Naypyitaw,Normal,Female,Food and beverages,321.111,Cash,15.291,4.2
861-77-0145,C,Naypyitaw,Member,Male,Electronic accessories,860.685,Cash,40.985,9.2
479-26-8945,B,Mandalay,Member,Female,Sports and travel,34.629,Ewallet,1.649,4.6
210-67-5886,C,Naypyitaw,Member,Female,Health and beauty,309.3615,Credit card,14.7315,7.8
227-78-1148,B,Mandalay,Normal,Female,Fashion accessories,535.374,Cash,25.494,8.4
645-44-1170,A,Yangon,Member,Male,Home and lifestyle,548.7615,Ewallet,26.1315,4.3
237-01-6122,C,Naypyitaw,Member,Female,Home and lifestyle,763.4655,Credit card,36.3555,9.5
225-98-1496,C,Naypyitaw,Normal,Female,Fashion accessories,85.113,Credit card,4.053,7.1
291-32-1427,B,Mandalay,Member,Male,Fashion accessories,115.185,Ewallet,5.485,5.3
659-65-8956,B,Mandalay,Member,Male,Fashion accessories,53.928,Ewallet,2.568,5.2
642-32-2990,A,Yangon,Normal,Female,Food and beverages,115.08,Ewallet,5.48,6
378-24-2715,B,Mandalay,Normal,Male,Home and lifestyle,112.224,Ewallet,5.344,4.1
638-60-7125,A,Yangon,Normal,Female,Electronic accessories,836.304,Credit card,39.824,5.2
659-36-1684,C,Naypyitaw,Member,Male,Sports and travel,419.832,Credit card,19.992,6.5
219-22-9386,B,Mandalay,Member,Male,Sports and travel,944.622,Credit card,44.982,4.2
336-78-2147,C,Naypyitaw,Member,Male,Home and lifestyle,536.844,Credit card,25.564,4.6
268-27-6179,B,Mandalay,Member,Female,Fashion accessories,474.348,Ewallet,22.588,7.3
668-90-8900,A,Yangon,Normal,Female,Home and lifestyle,688.6215,Credit card,32.7915,4.5
870-54-3162,A,Yangon,Normal,Female,Sports and travel,169.3125,Cash,8.0625,9
189-08-9157,C,Naypyitaw,Normal,Female,Fashion accessories,299.8485,Credit card,14.2785,5.9
663-86-9076,C,Naypyitaw,Member,Female,Food and beverages,575.736,Ewallet,27.416,8.5
549-84-7482,B,Mandalay,Normal,Female,Sports and travel,853.146,Ewallet,40.626,7.2
191-10-6171,B,Mandalay,Normal,Female,Fashion accessories,291.207,Cash,13.867,7.5
802-70-5316,A,Yangon,Member,Female,Sports and travel,580.419,Cash,27.639,8.3
695-51-0018,B,Mandalay,Normal,Female,Sports and travel,146.328,Cash,6.968,7.4
590-83-4591,B,Mandalay,Member,Male,Electronic accessories,550.935,Credit card,26.235,8.8
483-71-1164,C,Naypyitaw,Normal,Female,Health and beauty,512.19,Ewallet,24.39,5.3
597-78-7908,C,Naypyitaw,Normal,Male,Fashion accessories,284.193,Cash,13.533,6.2
700-81-1757,A,Yangon,Normal,Female,Electronic accessories,138.1275,Credit card,6.5775,8.8
354-39-5160,A,Yangon,Member,Female,Home and lifestyle,216.846,Cash,10.326,9.8
241-72-9525,B,Mandalay,Normal,Male,Sports and travel,545.055,Cash,25.955,8.2
575-30-8091,A,Yangon,Normal,Male,Sports and travel,609,Ewallet,29,9.2
731-81-9469,C,Naypyitaw,Member,Female,Sports and travel,942.9,Credit card,44.9,5.4
280-17-4359,C,Naypyitaw,Member,Male,Health and beauty,950.25,Cash,45.25,8.1
338-65-2210,C,Naypyitaw,Member,Female,Health and beauty,720.3,Cash,34.3,9.1
488-25-4221,C,Naypyitaw,Member,Female,Food and beverages,31.9305,Credit card,1.5205,8.4
239-10-7476,A,Yangon,Normal,Female,Home and lifestyle,491.085,Ewallet,23.385,8
458-41-1477,C,Naypyitaw,Normal,Female,Health and beauty,291.438,Credit card,13.878,9.5
685-64-1609,A,Yangon,Member,Female,Fashion accessories,316.47,Ewallet,15.07,9.2
568-90-5112,C,Naypyitaw,Normal,Male,Health and beauty,277.788,Credit card,13.228,5.6
262-47-2794,B,Mandalay,Member,Male,Home and lifestyle,603.624,Credit card,28.744,6.2
238-49-0436,A,Yangon,Normal,Male,Health and beauty,272.664,Credit card,12.984,4.9
608-96-3517,B,Mandalay,Member,Female,Fashion accessories,384.468,Credit card,18.308,4.8
584-86-7256,C,Naypyitaw,Member,Male,Sports and travel,254.016,Credit card,12.096,7.3
746-94-0204,A,Yangon,Normal,Male,Fashion accessories,786.618,Credit card,37.458,7.4
214-17-6927,C,Naypyitaw,Normal,Female,Food and beverages,103.824,Ewallet,4.944,9.9
400-89-4171,C,Naypyitaw,Normal,Female,Sports and travel,680.148,Cash,32.388,9.3
782-95-9291,A,Yangon,Member,Male,Food and beverages,484.5225,Credit card,23.0725,9
279-74-2924,B,Mandalay,Member,Male,Electronic accessories,75.7785,Cash,3.6085,6.1
307-85-2293,B,Mandalay,Normal,Male,Home and lifestyle,263.97,Ewallet,12.57,9.7
743-04-1105,B,Mandalay,Member,Male,Health and beauty,918.729,Ewallet,43.749,6
423-57-2993,B,Mandalay,Normal,Male,Sports and travel,588.357,Ewallet,28.017,10
894-41-5205,C,Naypyitaw,Normal,Female,Food and beverages,362.712,Credit card,17.272,8.3
275-28-0149,A,Yangon,Normal,Male,Sports and travel,66.8745,Cash,3.1845,6
101-17-6199,A,Yangon,Normal,Male,Food and beverages,336.5565,Credit card,16.0265,7
423-80-0988,C,Naypyitaw,Normal,Male,Sports and travel,160.44,Ewallet,7.64,6.5
548-46-9322,B,Mandalay,Normal,Male,Food and beverages,418.95,Credit card,19.95,5.9
505-02-0892,B,Mandalay,Member,Male,Health and beauty,357.588,Ewallet,17.028,5.6
234-65-2137,C,Naypyitaw,Normal,Male,Home and lifestyle,1003.59,Cash,47.79,4.8
687-47-8271,A,Yangon,Normal,Male,Fashion accessories,1039.29,Credit card,49.49,8.7
796-32-9050,A,Yangon,Normal,Male,Food and beverages,323.064,Cash,15.384,6.5
105-31-1824,A,Yangon,Member,Male,Sports and travel,510.972,Credit card,24.332,8.5
249-42-3782,A,Yangon,Normal,Male,Health and beauty,367.5525,Ewallet,17.5025,5.5
316-55-4634,B,Mandalay,Member,Male,Food and beverages,420.2625,Credit card,20.0125,9.4
733-33-4967,C,Naypyitaw,Normal,Male,Electronic accessories,175.14,Cash,8.34,6.3
608-27-6295,B,Mandalay,Member,Male,Electronic accessories,333.207,Credit card,15.867,9.8
414-12-7047,B,Mandalay,Normal,Male,Food and beverages,166.236,Ewallet,7.916,8.7
827-26-2100,A,Yangon,Member,Male,Home and lifestyle,319.788,Ewallet,15.228,8.8
175-54-2529,A,Yangon,Member,Male,Food and beverages,186.228,Credit card,8.868,9.6
139-52-2867,C,Naypyitaw,Normal,Female,Fashion accessories,165.4485,Credit card,7.8785,4.8
407-63-8975,A,Yangon,Normal,Male,Food and beverages,465.444,Ewallet,22.164,4.4
342-65-4817,C,Naypyitaw,Member,Male,Health and beauty,273.42,Ewallet,13.02,9.9
130-98-8941,C,Naypyitaw,Normal,Male,Fashion accessories,472.311,Cash,22.491,5.7
434-83-9547,C,Naypyitaw,Member,Male,Food and beverages,323.148,Cash,15.388,7.7
851-28-6367,A,Yangon,Member,Male,Sports and travel,162.75,Ewallet,7.75,8
824-88-3614,C,Naypyitaw,Normal,Male,Health and beauty,288.204,Ewallet,13.724,5.7
586-25-0848,A,Yangon,Normal,Female,Sports and travel,90.699,Credit card,4.319,6.7
895-66-0685,B,Mandalay,Member,Male,Food and beverages,56.952,Ewallet,2.712,8
305-14-0245,B,Mandalay,Member,Female,Home and lifestyle,793.716,Ewallet,37.796,7.5
732-04-5373,B,Mandalay,Member,Male,Home and lifestyle,195.174,Cash,9.294,7
400-60-7251,A,Yangon,Normal,Male,Home and lifestyle,77.7735,Ewallet,3.7035,9.9
593-65-1552,C,Naypyitaw,Normal,Female,Home and lifestyle,293.202,Credit card,13.962,5.9
284-34-9626,B,Mandalay,Normal,Female,Home and lifestyle,242.676,Credit card,11.556,7.2
437-58-8131,B,Mandalay,Normal,Female,Fashion accessories,154.392,Ewallet,7.352,4.6
286-43-6208,C,Naypyitaw,Normal,Female,Food and beverages,829.71,Cash,39.51,9.2
641-43-2399,B,Mandalay,Normal,Male,Home and lifestyle,107.31,Ewallet,5.11,5.7
831-07-6050,A,Yangon,Normal,Male,Electronic accessories,171.7275,Credit card,8.1775,9.9
556-86-3144,C,Naypyitaw,Member,Female,Fashion accessories,78.0045,Cash,3.7145,5
848-24-9445,C,Naypyitaw,Member,Male,Health and beauty,91.77,Cash,4.37,4.9
856-22-8149,A,Yangon,Normal,Female,Home and lifestyle,26.5545,Ewallet,1.2645,6.1
699-01-4164,C,Naypyitaw,Normal,Male,Health and beauty,174.3,Credit card,8.3,8.2
420-11-4919,C,Naypyitaw,Member,Female,Food and beverages,374.7975,Credit card,17.8475,5.5
606-80-4905,C,Naypyitaw,Member,Female,Sports and travel,120.645,Credit card,5.745,6.8
542-41-0513,B,Mandalay,Member,Female,Electronic accessories,241.458,Cash,11.498,6.6
426-39-2418,C,Naypyitaw,Normal,Male,Electronic accessories,451.3635,Cash,21.4935,9.8
875-46-5808,B,Mandalay,Member,Male,Health and beauty,271.95,Ewallet,12.95,8.7
394-43-4238,B,Mandalay,Member,Male,Home and lifestyle,93.2925,Credit card,4.4425,5.4
749-24-1565,A,Yangon,Normal,Female,Health and beauty,217.6335,Ewallet,10.3635,7.9
672-51-8681,C,Naypyitaw,Member,Female,Electronic accessories,629.8425,Credit card,29.9925,9.7
263-87-5680,C,Naypyitaw,Member,Female,Home and lifestyle,299.565,Ewallet,14.265,7.8
573-58-9734,B,Mandalay,Normal,Female,Fashion accessories,95.6655,Ewallet,4.5555,5.1
817-69-8206,B,Mandalay,Normal,Female,Electronic accessories,942.4485,Credit card,44.8785,6.5
888-02-0338,A,Yangon,Normal,Male,Electronic accessories,247.8735,Ewallet,11.8035,5.9
677-11-0152,C,Naypyitaw,Normal,Female,Food and beverages,881.307,Cash,41.967,8.8
142-63-6033,B,Mandalay,Normal,Male,Home and lifestyle,484.89,Ewallet,23.09,4.9
656-16-1063,B,Mandalay,Normal,Male,Sports and travel,146.223,Credit card,6.963,4.4
891-58-8335,B,Mandalay,Member,Female,Sports and travel,217.6335,Cash,10.3635,6.5
802-43-8934,A,Yangon,Normal,Male,Home and lifestyle,19.194,Credit card,0.914,8.3
560-30-5617,B,Mandalay,Normal,Female,Sports and travel,130.0425,Cash,6.1925,8.5
319-74-2561,A,Yangon,Member,Female,Electronic accessories,298.116,Cash,14.196,5.5
549-03-9315,B,Mandalay,Normal,Male,Fashion accessories,796.908,Ewallet,37.948,8.7
790-29-1172,B,Mandalay,Normal,Female,Food and beverages,180.621,Credit card,8.601,7.9
239-36-3640,B,Mandalay,Normal,Male,Electronic accessories,285.705,Ewallet,13.605,6.1
468-01-2051,B,Mandalay,Normal,Male,Food and beverages,456.288,Ewallet,21.728,5.4
389-25-3394,C,Naypyitaw,Normal,Male,Electronic accessories,62.0025,Cash,2.9525,9.4
279-62-1445,C,Naypyitaw,Member,Female,Fashion accessories,13.167,Cash,0.627,8.2
213-72-6612,A,Yangon,Normal,Male,Food and beverages,90.825,Cash,4.325,6.2
746-68-6593,C,Naypyitaw,Member,Female,Sports and travel,183.036,Credit card,8.716,9.7
836-82-5858,B,Mandalay,Member,Male,Health and beauty,655.5465,Ewallet,31.2165,4
583-72-1480,C,Naypyitaw,Member,Male,Electronic accessories,155.652,Ewallet,7.412,9.7
466-61-5506,B,Mandalay,Member,Female,Electronic accessories,571.41,Cash,27.21,5.3
721-86-6247,A,Yangon,Normal,Female,Home and lifestyle,532.728,Ewallet,25.368,7.4
289-65-5721,B,Mandalay,Normal,Female,Fashion accessories,170.877,Cash,8.137,6.5
545-46-3100,B,Mandalay,Member,Female,Electronic accessories,33.3585,Credit card,1.5885,8.7
418-02-5978,B,Mandalay,Normal,Female,Health and beauty,794.6505,Cash,37.8405,8
269-04-5750,B,Mandalay,Member,Male,Fashion accessories,310.044,Cash,14.764,6.7
157-13-5295,A,Yangon,Member,Male,Health and beauty,545.37,Ewallet,25.97,6.5
645-78-8093,A,Yangon,Normal,Female,Sports and travel,195.594,Ewallet,9.314,4.1
211-30-9270,C,Naypyitaw,Normal,Male,Health and beauty,91.4025,Credit card,4.3525,4.9
755-12-3214,C,Naypyitaw,Member,Female,Fashion accessories,232.155,Credit card,11.055,8.6
346-84-3103,B,Mandalay,Member,Female,Electronic accessories,69.405,Cash,3.305,4.3
478-06-7835,A,Yangon,Normal,Male,Fashion accessories,94.1745,Ewallet,4.4845,4.9
540-11-4336,A,Yangon,Normal,Male,Food and beverages,235.683,Credit card,11.223,5.6
448-81-5016,A,Yangon,Normal,Male,Health and beauty,125.517,Credit card,5.977,5.8
142-72-4741,C,Naypyitaw,Member,Male,Fashion accessories,195.72,Credit card,9.32,6
217-58-1179,A,Yangon,Member,Male,Home and lifestyle,263.13,Cash,12.53,4.2
376-02-8238,B,Mandalay,Normal,Male,Home and lifestyle,788.508,Credit card,37.548,8.3
530-90-9855,A,Yangon,Member,Male,Home and lifestyle,399.756,Cash,19.036,5.7
866-05-7563,B,Mandalay,Member,Female,Electronic accessories,256.41,Cash,12.21,4.8
604-70-6476,A,Yangon,Member,Male,Fashion accessories,94.185,Ewallet,4.485,6.8
799-71-1548,A,Yangon,Member,Male,Electronic accessories,326.424,Credit card,15.544,8.8
785-13-7708,B,Mandalay,Normal,Male,Food and beverages,536.991,Credit card,25.571,4.2
845-51-0542,B,Mandalay,Member,Male,Food and beverages,439.8975,Ewallet,20.9475,6.4
662-47-5456,C,Naypyitaw,Member,Male,Fashion accessories,369.495,Credit card,17.595,8.4
883-17-4236,C,Naypyitaw,Normal,Female,Sports and travel,30.219,Credit card,1.439,7.2
290-68-2984,A,Yangon,Normal,Male,Home and lifestyle,99.75,Cash,4.75,5.2
704-11-6354,A,Yangon,Member,Male,Home and lifestyle,494.76,Cash,23.56,8.9
110-48-7033,B,Mandalay,Member,Male,Fashion accessories,137.004,Cash,6.524,9
366-93-0948,A,Yangon,Member,Male,Electronic accessories,69.6675,Credit card,3.3175,9.7
729-09-9681,A,Yangon,Member,Male,Home and lifestyle,163.233,Ewallet,7.773,8.7
151-16-1484,A,Yangon,Member,Male,Electronic accessories,135.45,Ewallet,6.45,6.5
380-94-4661,C,Naypyitaw,Member,Male,Electronic accessories,276.948,Credit card,13.188,6.9
850-41-9669,A,Yangon,Normal,Female,Electronic accessories,709.317,Ewallet,33.777,6.2
821-07-3596,C,Naypyitaw,Normal,Female,Fashion accessories,69.09,Ewallet,3.29,5.6
655-85-5130,B,Mandalay,Member,Female,Fashion accessories,160.86,Cash,7.66,5.7
447-15-7839,A,Yangon,Member,Female,Sports and travel,233.52,Cash,11.12,4.2
154-74-7179,B,Mandalay,Normal,Male,Sports and travel,57.1725,Ewallet,2.7225,7.9
253-12-6086,A,Yangon,Member,Female,Sports and travel,723.24,Credit card,34.44,8.7
808-65-0703,C,Naypyitaw,Normal,Male,Home and lifestyle,148.974,Credit card,7.094,6.9
571-94-0759,B,Mandalay,Member,Female,Food and beverages,783.3,Cash,37.3,9.5
144-51-6085,A,Yangon,Member,Male,Home and lifestyle,297.108,Credit card,14.148,4.4
731-14-2199,A,Yangon,Member,Female,Home and lifestyle,373.17,Ewallet,17.77,7
783-09-1637,B,Mandalay,Normal,Female,Sports and travel,354.0075,Ewallet,16.8575,6.3
687-15-1097,C,Naypyitaw,Member,Female,Health and beauty,44.352,Cash,2.112,9.7
126-54-1082,A,Yangon,Member,Female,Home and lifestyle,203.553,Credit card,9.693,8.8
633-91-1052,A,Yangon,Normal,Female,Home and lifestyle,25.263,Cash,1.203,5.1
477-24-6490,B,Mandalay,Normal,Female,Health and beauty,628.173,Ewallet,29.913,7.9
566-19-5475,B,Mandalay,Normal,Male,Fashion accessories,352.5795,Cash,16.7895,6.2
526-86-8552,C,Naypyitaw,Member,Female,Home and lifestyle,229.11,Cash,10.91,7.1
376-56-3573,C,Naypyitaw,Normal,Female,Fashion accessories,400.764,Ewallet,19.084,6.4
537-72-0426,C,Naypyitaw,Member,Male,Fashion accessories,745.395,Cash,35.495,5.7
828-61-5674,A,Yangon,Member,Male,Sports and travel,462.21,Credit card,22.01,9.6
136-08-6195,A,Yangon,Normal,Female,Home and lifestyle,587.664,Credit card,27.984,6.4
523-38-0215,C,Naypyitaw,Normal,Male,Home and lifestyle,38.85,Credit card,1.85,7.9
490-29-1201,A,Yangon,Normal,Female,Sports and travel,16.107,Cash,0.767,6.5
667-92-0055,A,Yangon,Member,Male,Health and beauty,628.929,Ewallet,29.949,8.5
565-17-3836,A,Yangon,Member,Female,Health and beauty,200.214,Cash,9.534,9.1
498-41-1961,B,Mandalay,Normal,Male,Health and beauty,350.07,Cash,16.67,7.6
593-95-4461,C,Naypyitaw,Member,Male,Home and lifestyle,78.603,Cash,3.743,6.9
226-71-3580,C,Naypyitaw,Normal,Female,Sports and travel,224.4375,Cash,10.6875,9.5
283-79-9594,B,Mandalay,Normal,Female,Food and beverages,356.5485,Credit card,16.9785,5.2
430-60-3493,A,Yangon,Member,Female,Home and lifestyle,697.368,Cash,33.208,4.2
139-20-0155,B,Mandalay,Member,Male,Electronic accessories,423.15,Credit card,20.15,7
558-80-4082,C,Naypyitaw,Normal,Male,Electronic accessories,204.6975,Ewallet,9.7475,6
278-97-7759,A,Yangon,Member,Female,Electronic accessories,65.604,Cash,3.124,4.7
316-68-6352,A,Yangon,Member,Female,Food and beverages,76.356,Cash,3.636,7.1
585-03-5943,B,Mandalay,Normal,Male,Health and beauty,190.155,Ewallet,9.055,5.9
211-05-0490,C,Naypyitaw,Member,Female,Electronic accessories,272.58,Cash,12.98,7.5
727-75-6477,C,Naypyitaw,Normal,Male,Electronic accessories,121.128,Cash,5.768,6.4
744-02-5987,A,Yangon,Member,Male,Home and lifestyle,493.794,Ewallet,23.514,5.8
307-83-9164,A,Yangon,Member,Male,Home and lifestyle,252.042,Cash,12.002,4.5
779-06-0012,C,Naypyitaw,Member,Female,Home and lifestyle,93.0405,Cash,4.4305,7.7
446-47-6729,C,Naypyitaw,Normal,Male,Fashion accessories,209.622,Credit card,9.982,6.7
573-10-3877,B,Mandalay,Member,Male,Health and beauty,40.9605,Credit card,1.9505,4.7
735-06-4124,C,Naypyitaw,Normal,Male,Food and beverages,51.0405,Cash,2.4305,4.4
439-54-7422,A,Yangon,Normal,Female,Electronic accessories,214.998,Credit card,10.238,4.7
396-90-2219,B,Mandalay,Normal,Female,Electronic accessories,125.664,Cash,5.984,8.6
411-77-0180,A,Yangon,Member,Male,Electronic accessories,530.67,Ewallet,25.27,4.3
286-01-5402,A,Yangon,Normal,Female,Sports and travel,295.6905,Cash,14.0805,9.6
803-17-8013,A,Yangon,Member,Female,Home and lifestyle,745.836,Cash,35.516,4.1
512-98-1403,A,Yangon,Member,Female,Electronic accessories,83.412,Ewallet,3.972,4.7
848-42-2560,A,Yangon,Normal,Female,Fashion accessories,172.011,Cash,8.191,7.8
532-59-7201,B,Mandalay,Member,Male,Sports and travel,503.559,Cash,23.979,5.5
181-94-6432,C,Naypyitaw,Member,Male,Fashion accessories,145.593,Ewallet,6.933,9.7
870-76-1733,A,Yangon,Member,Female,Food and beverages,74.7075,Credit card,3.5575,4.4
423-64-4619,A,Yangon,Member,Female,Health and beauty,146.9475,Cash,6.9975,5
227-07-4446,C,Naypyitaw,Member,Female,Electronic accessories,820.365,Cash,39.065,4.4
174-36-3675,C,Naypyitaw,Member,Male,Food and beverages,208.677,Cash,9.937,5.2
428-83-5800,C,Naypyitaw,Member,Female,Food and beverages,66.402,Cash,3.162,7.3
603-07-0961,C,Naypyitaw,Member,Male,Electronic accessories,392.6475,Cash,18.6975,4.9
704-20-4138,C,Naypyitaw,Member,Female,Health and beauty,218.0745,Credit card,10.3845,8.1
787-15-1757,C,Naypyitaw,Member,Male,Health and beauty,185.094,Ewallet,8.814,8.4
649-11-3678,C,Naypyitaw,Normal,Female,Food and beverages,216.6885,Cash,10.3185,5.5
622-20-1945,C,Naypyitaw,Normal,Female,Health and beauty,41.391,Cash,1.971,8.4
372-94-8041,A,Yangon,Normal,Male,Health and beauty,96.138,Ewallet,4.578,9.8
563-91-7120,A,Yangon,Normal,Female,Fashion accessories,324.2925,Cash,15.4425,6.7
746-54-5508,A,Yangon,Normal,Male,Home and lifestyle,135.576,Credit card,6.456,9.4
276-54-0879,B,Mandalay,Normal,Male,Sports and travel,410.508,Ewallet,19.548,6.4
815-11-1168,A,Yangon,Member,Male,Food and beverages,523.845,Cash,24.945,5.4
719-76-3868,C,Naypyitaw,Member,Male,Food and beverages,395.892,Cash,18.852,8.6
730-61-8757,B,Mandalay,Member,Male,Health and beauty,214.746,Credit card,10.226,4
340-66-0321,A,Yangon,Member,Male,Electronic accessories,152.712,Cash,7.272,7.6
868-81-1752,B,Mandalay,Normal,Male,Home and lifestyle,208.089,Cash,9.909,6.8
634-97-8956,A,Yangon,Normal,Male,Food and beverages,103.635,Credit card,4.935,9.1
566-71-1091,A,Yangon,Normal,Male,Fashion accessories,404.355,Cash,19.255,5.5
442-48-3607,A,Yangon,Member,Male,Food and beverages,49.308,Credit card,2.348,7.9
835-16-0096,C,Naypyitaw,Member,Male,Sports and travel,77.175,Ewallet,3.675,8.5
527-09-6272,A,Yangon,Member,Female,Electronic accessories,149.3625,Credit card,7.1125,9.1
898-04-2717,A,Yangon,Normal,Male,Fashion accessories,721.98,Ewallet,34.38,7.5
692-27-8933,B,Mandalay,Normal,Female,Sports and travel,365.085,Cash,17.385,5.2
633-09-3463,C,Naypyitaw,Normal,Female,Electronic accessories,150.0975,Credit card,7.1475,9.5
374-17-3652,B,Mandalay,Member,Female,Food and beverages,404.649,Credit card,19.269,8.9
378-07-7001,B,Mandalay,Member,Male,Electronic accessories,151.4835,Credit card,7.2135,7.8
433-75-6987,B,Mandalay,Member,Female,Health and beauty,411.3795,Ewallet,19.5895,8.9
873-95-4984,B,Mandalay,Member,Female,Health and beauty,565.215,Cash,26.915,7.7
416-13-5917,C,Naypyitaw,Normal,Female,Food and beverages,509.4075,Ewallet,24.2575,9.3
150-89-8043,A,Yangon,Normal,Male,Sports and travel,140.6475,Cash,6.6975,6.2
135-84-8019,A,Yangon,Normal,Female,Fashion accessories,736.4385,Ewallet,35.0685,7.6
441-94-7118,A,Yangon,Member,Male,Electronic accessories,75.5475,Cash,3.5975,7.3
725-96-3778,C,Naypyitaw,Member,Female,Home and lifestyle,749.7,Cash,35.7,4.7
531-80-1784,A,Yangon,Normal,Male,Electronic accessories,191.247,Cash,9.107,5.1
400-45-1220,B,Mandalay,Normal,Female,Health and beauty,141.75,Credit card,6.75,4.8
860-79-0874,C,Naypyitaw,Member,Female,Fashion accessories,1042.65,Credit card,49.65,6.6
834-61-8124,A,Yangon,Normal,Male,Electronic accessories,379.9215,Cash,18.0915,5.5
115-99-4379,B,Mandalay,Member,Female,Fashion accessories,402.2655,Credit card,19.1555,8.5
565-67-6697,B,Mandalay,Member,Male,Home and lifestyle,255.15,Cash,12.15,4.8
320-49-6392,C,Naypyitaw,Normal,Female,Electronic accessories,31.752,Cash,1.512,8.4
889-04-9723,B,Mandalay,Member,Female,Food and beverages,374.388,Credit card,17.828,7.8
632-90-0281,C,Naypyitaw,Normal,Female,Fashion accessories,394.275,Credit card,18.775,9.3
554-42-2417,C,Naypyitaw,Normal,Female,Sports and travel,1002.12,Cash,47.72,5.2
453-63-6187,B,Mandalay,Normal,Male,Electronic accessories,86.625,Ewallet,4.125,6.5
578-80-7669,B,Mandalay,Normal,Male,Sports and travel,78.7185,Cash,3.7485,5.6
612-36-5536,A,Yangon,Member,Male,Food and beverages,680.064,Credit card,32.384,7.4
605-72-4132,C,Naypyitaw,Normal,Female,Food and beverages,793.548,Cash,37.788,9.1
471-41-2823,C,Naypyitaw,Normal,Male,Food and beverages,209.559,Ewallet,9.979,8
462-67-9126,A,Yangon,Normal,Male,Home and lifestyle,461.286,Cash,21.966,7.2
272-27-9238,C,Naypyitaw,Normal,Female,Food and beverages,173.208,Cash,8.248,7.1
834-25-9262,C,Naypyitaw,Normal,Female,Fashion accessories,343.056,Cash,16.336,9.1
122-61-9553,C,Naypyitaw,Normal,Female,Electronic accessories,484.974,Cash,23.094,5.6
468-88-0009,A,Yangon,Member,Male,Home and lifestyle,276.948,Cash,13.188,6
613-59-9758,C,Naypyitaw,Normal,Female,Sports and travel,150.78,Cash,7.18,5.4
254-31-0042,A,Yangon,Member,Male,Electronic accessories,203.175,Credit card,9.675,7.8
201-86-2184,B,Mandalay,Member,Female,Electronic accessories,193.011,Cash,9.191,9.9
261-12-8671,B,Mandalay,Normal,Female,Fashion accessories,128.016,Credit card,6.096,4.9
730-70-9830,C,Naypyitaw,Normal,Female,Home and lifestyle,441.693,Ewallet,21.033,5.2
382-25-8917,C,Naypyitaw,Normal,Male,Fashion accessories,265.104,Cash,12.624,8.9
422-29-8786,A,Yangon,Normal,Female,Home and lifestyle,352.2225,Credit card,16.7725,9.1
667-23-5919,A,Yangon,Member,Female,Fashion accessories,507.675,Ewallet,24.175,7
843-01-4703,B,Mandalay,Member,Female,Home and lifestyle,334.341,Credit card,15.921,9.6
743-88-1662,C,Naypyitaw,Normal,Male,Sports and travel,701.8515,Ewallet,33.4215,8.7
595-86-2894,C,Naypyitaw,Member,Male,Fashion accessories,407.316,Ewallet,19.396,9.4
182-69-8360,B,Mandalay,Normal,Female,Electronic accessories,99.33,Credit card,4.73,4
289-15-7034,A,Yangon,Member,Male,Sports and travel,345.786,Credit card,16.466,7.5
462-78-5240,C,Naypyitaw,Normal,Female,Electronic accessories,55.881,Cash,2.661,4.2
868-52-7573,B,Mandalay,Normal,Female,Food and beverages,523.3725,Cash,24.9225,9.9
153-58-4872,C,Naypyitaw,Member,Female,Food and beverages,314.538,Ewallet,14.978,4.2
662-72-2873,A,Yangon,Normal,Female,Food and beverages,214.935,Ewallet,10.235,9.9
525-88-7307,B,Mandalay,Member,Male,Sports and travel,79.611,Cash,3.791,5.8
689-16-9784,C,Naypyitaw,Normal,Male,Food and beverages,294.651,Cash,14.031,6
725-56-0833,A,Yangon,Normal,Female,Health and beauty,339.36,Credit card,16.16,10
394-41-0748,C,Naypyitaw,Member,Female,Fashion accessories,510.9615,Ewallet,24.3315,9.5
596-42-3999,B,Mandalay,Normal,Male,Food and beverages,133.917,Credit card,6.377,6.6
541-89-9860,C,Naypyitaw,Member,Female,Fashion accessories,253.512,Cash,12.072,8.1
173-82-9529,B,Mandalay,Normal,Female,Fashion accessories,398.475,Cash,18.975,9.7
563-36-9814,A,Yangon,Member,Male,Electronic accessories,80.661,Ewallet,3.841,7.2
308-47-4913,A,Yangon,Member,Female,Sports and travel,548.73,Credit card,26.13,6.2
885-17-6250,A,Yangon,Normal,Female,Health and beauty,83.727,Ewallet,3.987,7.3
726-27-2396,A,Yangon,Normal,Female,Health and beauty,406.875,Ewallet,19.375,4.3
316-01-3952,A,Yangon,Normal,Female,Food and beverages,284.9175,Ewallet,13.5675,4.6
760-54-1821,B,Mandalay,Normal,Male,Home and lifestyle,128.4255,Cash,6.1155,5.8
793-10-3222,B,Mandalay,Member,Female,Health and beauty,258.678,Credit card,12.318,8.3
346-12-3257,B,Mandalay,Member,Male,Electronic accessories,181.818,Cash,8.658,8
110-05-6330,C,Naypyitaw,Normal,Female,Food and beverages,248.409,Credit card,11.829,9.4
651-61-0874,C,Naypyitaw,Normal,Male,Home and lifestyle,194.124,Credit card,9.244,6.2
236-86-3015,C,Naypyitaw,Member,Male,Home and lifestyle,14.679,Ewallet,0.699,9.8
831-64-0259,B,Mandalay,Normal,Female,Fashion accessories,208.6875,Ewallet,9.9375,9.6
587-03-7455,C,Naypyitaw,Member,Female,Fashion accessories,718.7565,Ewallet,34.2265,4.9
882-40-4577,A,Yangon,Member,Male,Sports and travel,282.492,Credit card,13.452,8
732-67-5346,A,Yangon,Normal,Male,Food and beverages,72.3975,Credit card,3.4475,7.8
725-32-9708,B,Mandalay,Member,Female,Fashion accessories,288.582,Cash,13.742,4.1
256-08-8343,A,Yangon,Normal,Female,Home and lifestyle,237.426,Ewallet,11.306,5.5
372-26-1506,C,Naypyitaw,Normal,Female,Fashion accessories,125.055,Ewallet,5.955,5.4
244-08-0162,B,Mandalay,Normal,Female,Health and beauty,359.205,Cash,17.105,5.1
569-71-4390,B,Mandalay,Normal,Male,Sports and travel,45.927,Ewallet,2.187,6.9
132-23-6451,A,Yangon,Member,Male,Health and beauty,110.0925,Cash,5.2425,7.8
696-90-2548,A,Yangon,Normal,Male,Sports and travel,81.396,Ewallet,3.876,6.6
472-15-9636,A,Yangon,Normal,Male,Home and lifestyle,427.812,Ewallet,20.372,9.2
268-03-6164,B,Mandalay,Normal,Male,Health and beauty,100.9155,Ewallet,4.8055,7.8
750-57-9686,C,Naypyitaw,Normal,Female,Home and lifestyle,190.596,Credit card,9.076,8.7
186-09-3669,C,Naypyitaw,Member,Female,Health and beauty,85.5855,Ewallet,4.0755,9.2
848-07-1692,B,Mandalay,Normal,Female,Health and beauty,120.162,Ewallet,5.722,8.3
745-71-3520,A,Yangon,Member,Female,Electronic accessories,185.367,Cash,8.827,8.2
266-76-6436,C,Naypyitaw,Member,Female,Food and beverages,121.59,Ewallet,5.79,7.5
740-22-2500,C,Naypyitaw,Normal,Female,Electronic accessories,264.7575,Cash,12.6075,9.8
271-88-8734,C,Naypyitaw,Member,Female,Fashion accessories,1020.705,Credit card,48.605,8.7
301-81-8610,B,Mandalay,Member,Male,Fashion accessories,213.528,Credit card,10.168,6.7
489-64-4354,C,Naypyitaw,Normal,Male,Fashion accessories,17.094,Cash,0.814,5
198-84-7132,B,Mandalay,Member,Male,Fashion accessories,383.7645,Cash,18.2745,7
269-10-8440,A,Yangon,Member,Male,Health and beauty,390.7995,Cash,18.6095,8.9
650-98-6268,B,Mandalay,Member,Female,Food and beverages,65.7405,Credit card,3.1305,8
741-73-3559,B,Mandalay,Normal,Male,Sports and travel,353.1675,Cash,16.8175,6.9
325-77-6186,A,Yangon,Member,Female,Home and lifestyle,951.825,Ewallet,45.325,7.3
286-75-7818,B,Mandalay,Normal,Male,Fashion accessories,145.068,Credit card,6.908,6.9
574-57-9721,C,Naypyitaw,Normal,Male,Food and beverages,90.867,Ewallet,4.327,5.7
459-50-7686,A,Yangon,Normal,Female,Electronic accessories,147.798,Ewallet,7.038,6.4
616-87-0016,B,Mandalay,Normal,Male,Fashion accessories,702.219,Credit card,33.439,9.6
837-55-7229,B,Mandalay,Normal,Female,Fashion accessories,49.812,Credit card,2.372,6.8
751-69-0068,C,Naypyitaw,Normal,Male,Sports and travel,937.818,Ewallet,44.658,9
257-73-1380,C,Naypyitaw,Member,Male,Sports and travel,348.306,Ewallet,16.586,9.6
345-08-4992,A,Yangon,Normal,Male,Home and lifestyle,214.137,Credit card,10.197,7.7
549-96-4200,C,Naypyitaw,Member,Male,Food and beverages,71.568,Ewallet,3.408,7
810-60-6344,C,Naypyitaw,Normal,Female,Electronic accessories,343.224,Credit card,16.344,6.5
450-28-2866,C,Naypyitaw,Member,Male,Food and beverages,91.56,Cash,4.36,8.1
394-30-3170,B,Mandalay,Member,Female,Sports and travel,742.812,Credit card,35.372,4.3
138-17-5109,A,Yangon,Member,Female,Home and lifestyle,843.0345,Credit card,40.1445,6.5
192-98-7397,C,Naypyitaw,Normal,Male,Fashion accessories,13.419,Ewallet,0.639,9.5
301-11-9629,A,Yangon,Normal,Female,Sports and travel,140.385,Cash,6.685,9.7
390-80-5128,B,Mandalay,Member,Female,Health and beauty,20.1075,Credit card,0.9575,9.5
235-46-8343,C,Naypyitaw,Member,Male,Food and beverages,290.43,Credit card,13.83,8.9
453-12-7053,C,Naypyitaw,Normal,Male,Fashion accessories,144.081,Credit card,6.861,6.5
296-11-7041,B,Mandalay,Member,Female,Health and beauty,28.4235,Credit card,1.3535,5.3
449-27-2918,B,Mandalay,Member,Female,Sports and travel,41.076,Credit card,1.956,9.6
891-01-7034,B,Mandalay,Normal,Female,Electronic accessories,470.673,Cash,22.413,6.7
744-09-5786,B,Mandalay,Normal,Male,Electronic accessories,138.663,Cash,6.603,7.6
727-17-0390,A,Yangon,Normal,Female,Food and beverages,333.9525,Ewallet,15.9025,4.8
568-88-3448,A,Yangon,Normal,Male,Health and beauty,26.25,Ewallet,1.25,5.5
187-83-5490,A,Yangon,Member,Male,Electronic accessories,87.234,Cash,4.154,4.7
767-54-1907,B,Mandalay,Member,Female,Fashion accessories,155.19,Cash,7.39,6.9
710-46-4433,B,Mandalay,Member,Female,Food and beverages,731.43,Credit card,34.83,4.5
533-33-5337,B,Mandalay,Normal,Male,Electronic accessories,833.595,Cash,39.695,6.2
325-90-8763,C,Naypyitaw,Member,Female,Electronic accessories,488.985,Cash,23.285,7.6
729-46-7422,C,Naypyitaw,Normal,Male,Food and beverages,37.6845,Credit card,1.7945,7.9
639-76-1242,C,Naypyitaw,Normal,Male,Food and beverages,212.73,Cash,10.13,4.5
234-03-4040,B,Mandalay,Member,Female,Food and beverages,767.025,Credit card,36.525,8.7
326-71-2155,C,Naypyitaw,Normal,Female,Sports and travel,310.59,Cash,14.79,6.1
320-32-8842,C,Naypyitaw,Member,Female,Food and beverages,23.751,Cash,1.131,6.4
470-32-9057,A,Yangon,Member,Male,Food and beverages,269.535,Credit card,12.835,9.1
878-30-2331,C,Naypyitaw,Member,Female,Sports and travel,572.775,Credit card,27.275,7.1
440-59-5691,C,Naypyitaw,Member,Female,Health and beauty,273.0525,Credit card,13.0025,7.7
554-53-3790,B,Mandalay,Normal,Male,Sports and travel,233.226,Cash,11.106,4.5
746-19-0921,C,Naypyitaw,Normal,Male,Food and beverages,22.659,Ewallet,1.079,7.2
233-34-0817,C,Naypyitaw,Member,Female,Electronic accessories,103.782,Cash,4.942,8.4
767-05-1286,C,Naypyitaw,Member,Female,Home and lifestyle,527.751,Ewallet,25.131,5.4
340-21-9136,A,Yangon,Member,Female,Sports and travel,168.21,Cash,8.01,9.7
405-31-3305,A,Yangon,Member,Male,Fashion accessories,452.865,Credit card,21.565,5.5
731-59-7531,B,Mandalay,Member,Male,Health and beauty,609.588,Cash,29.028,4.6
676-39-6028,A,Yangon,Member,Female,Electronic accessories,338.31,Cash,16.11,6.6
502-05-1910,A,Yangon,Normal,Male,Health and beauty,205.317,Credit card,9.777,6.3
485-30-8700,A,Yangon,Normal,Female,Sports and travel,174.615,Credit card,8.315,4.2
598-47-9715,C,Naypyitaw,Normal,Male,Electronic accessories,353.094,Ewallet,16.814,4.4
701-69-8742,B,Mandalay,Normal,Male,Sports and travel,360.885,Ewallet,17.185,6.7
575-67-1508,A,Yangon,Normal,Male,Electronic accessories,40.53,Ewallet,1.93,6.7
541-08-3113,C,Naypyitaw,Normal,Male,Food and beverages,554.148,Cash,26.388,8.4
246-11-3901,C,Naypyitaw,Normal,Female,Electronic accessories,344.4,Cash,16.4,6.2
674-15-9296,A,Yangon,Normal,Male,Sports and travel,194.985,Ewallet,9.285,5
305-18-3552,B,Mandalay,Member,Male,Home and lifestyle,633.99,Cash,30.19,6
493-65-6248,C,Naypyitaw,Member,Female,Sports and travel,388.29,Credit card,18.49,7
438-01-4015,B,Mandalay,Member,Female,Sports and travel,207.858,Ewallet,9.898,6.6
709-58-4068,B,Mandalay,Normal,Female,Fashion accessories,431.445,Cash,20.545,7.3
795-49-7276,A,Yangon,Normal,Male,Fashion accessories,156.03,Ewallet,7.43,8.3
556-72-8512,C,Naypyitaw,Normal,Male,Home and lifestyle,24.108,Cash,1.148,4.3
627-95-3243,B,Mandalay,Member,Female,Home and lifestyle,734.076,Ewallet,34.956,9.8
686-41-0932,B,Mandalay,Normal,Female,Fashion accessories,72.87,Ewallet,3.47,8.2
510-09-5628,A,Yangon,Member,Female,Fashion accessories,206.43,Credit card,9.83,7.2
608-04-3797,B,Mandalay,Member,Female,Health and beauty,212.688,Ewallet,10.128,8.7
148-82-2527,C,Naypyitaw,Member,Female,Home and lifestyle,127.26,Credit card,6.06,8.4
437-53-3084,B,Mandalay,Normal,Male,Fashion accessories,209.769,Ewallet,9.989,7.1
632-32-4574,B,Mandalay,Normal,Male,Sports and travel,637.728,Cash,30.368,5.5
556-97-7101,C,Naypyitaw,Normal,Female,Electronic accessories,132.762,Cash,6.322,8.5
862-59-8517,C,Naypyitaw,Normal,Female,Food and beverages,568.512,Cash,27.072,6.2
401-18-8016,B,Mandalay,Member,Female,Sports and travel,103.0365,Cash,4.9065,8.9
420-18-8989,A,Yangon,Member,Female,Sports and travel,432.768,Cash,20.608,9.6
277-63-2961,B,Mandalay,Member,Male,Sports and travel,77.6685,Credit card,3.6985,5.4
573-98-8548,C,Naypyitaw,Member,Female,Fashion accessories,33.495,Ewallet,1.595,9.1
620-02-2046,C,Naypyitaw,Normal,Male,Home and lifestyle,145.74,Ewallet,6.94,9
282-35-2475,B,Mandalay,Normal,Female,Sports and travel,195.951,Cash,9.331,6.3
511-54-3087,B,Mandalay,Normal,Male,Sports and travel,92.8725,Credit card,4.4225,9.5
726-29-6793,A,Yangon,Member,Male,Electronic accessories,203.112,Ewallet,9.672,9.8
387-49-4215,B,Mandalay,Member,Female,Sports and travel,152.775,Cash,7.275,6.7
862-17-9201,B,Mandalay,Normal,Female,Food and beverages,529.515,Credit card,25.215,7.7
291-21-5991,B,Mandalay,Member,Male,Health and beauty,321.7725,Cash,15.3225,7
602-80-9671,C,Naypyitaw,Member,Female,Home and lifestyle,100.485,Credit card,4.785,5.1
347-72-6115,B,Mandalay,Member,Female,Sports and travel,666.939,Credit card,31.759,6.2
209-61-0206,A,Yangon,Normal,Female,Home and lifestyle,225.2775,Ewallet,10.7275,6.1
595-27-4851,A,Yangon,Normal,Female,Fashion accessories,398.958,Ewallet,18.998,9.3
189-52-0236,A,Yangon,Normal,Male,Electronic accessories,731.6925,Cash,34.8425,7.6
503-07-0930,C,Naypyitaw,Member,Male,Sports and travel,429.1665,Credit card,20.4365,8.2
413-20-6708,C,Naypyitaw,Member,Female,Fashion accessories,54.0435,Ewallet,2.5735,8.5
425-85-2085,B,Mandalay,Member,Male,Health and beauty,288.015,Ewallet,13.715,9.8
521-18-7827,C,Naypyitaw,Member,Male,Home and lifestyle,206.7975,Credit card,9.8475,8.7
220-28-1851,A,Yangon,Normal,Male,Home and lifestyle,72.933,Ewallet,3.473,9.7
600-38-9738,C,Naypyitaw,Member,Male,Sports and travel,377.58,Credit card,17.98,4.3
734-91-1155,B,Mandalay,Normal,Female,Electronic accessories,143.9865,Credit card,6.8565,7.7
451-28-5717,C,Naypyitaw,Member,Female,Home and lifestyle,523.971,Cash,24.951,7.3
609-81-8548,A,Yangon,Member,Female,Home and lifestyle,235.872,Credit card,11.232,5.9
133-14-7229,C,Naypyitaw,Normal,Male,Health and beauty,132.027,Cash,6.287,5
534-01-4457,A,Yangon,Normal,Male,Food and beverages,514.773,Credit card,24.513,8
719-89-8991,A,Yangon,Member,Female,Sports and travel,479.9025,Ewallet,22.8525,7.1
286-62-6248,B,Mandalay,Normal,Male,Fashion accessories,164.682,Credit card,7.842,9
339-38-9982,B,Mandalay,Member,Male,Fashion accessories,125.706,Ewallet,5.986,6.7
827-44-5872,B,Mandalay,Member,Female,Food and beverages,570.78,Credit card,27.18,6.1
827-77-7633,A,Yangon,Normal,Male,Sports and travel,926.9505,Cash,44.1405,9.3
287-83-1405,A,Yangon,Normal,Male,Health and beauty,160.209,Ewallet,7.629,7
435-13-4908,A,Yangon,Member,Male,Fashion accessories,728.112,Credit card,34.672,7.2
857-67-9057,B,Mandalay,Normal,Male,Electronic accessories,240.975,Ewallet,11.475,8.2
236-27-1144,C,Naypyitaw,Normal,Female,Food and beverages,154.1295,Ewallet,7.3395,8.4
892-05-6689,A,Yangon,Normal,Female,Home and lifestyle,148.68,Ewallet,7.08,6.2
583-41-4548,C,Naypyitaw,Normal,Male,Home and lifestyle,122.5245,Ewallet,5.8345,7.4
339-12-4827,B,Mandalay,Member,Female,Fashion accessories,77.658,Credit card,3.698,5
643-38-7867,A,Yangon,Normal,Male,Home and lifestyle,102.837,Ewallet,4.897,6.9
308-81-0538,A,Yangon,Normal,Female,Fashion accessories,306.81,Credit card,14.61,4.9
358-88-9262,C,Naypyitaw,Member,Female,Food and beverages,551.124,Ewallet,26.244,5.1
460-35-4390,A,Yangon,Normal,Male,Home and lifestyle,96.642,Ewallet,4.602,9.1
343-87-0864,C,Naypyitaw,Member,Male,Health and beauty,79.674,Credit card,3.794,7.1
173-50-1108,B,Mandalay,Member,Female,Sports and travel,84.756,Credit card,4.036,5
243-47-2663,C,Naypyitaw,Member,Male,Electronic accessories,118.251,Credit card,5.631,5.5
841-18-8232,B,Mandalay,Normal,Female,Food and beverages,74.76,Credit card,3.56,9.2
701-23-5550,B,Mandalay,Member,Male,Home and lifestyle,163.002,Ewallet,7.762,4.9
647-50-1224,A,Yangon,Normal,Female,Fashion accessories,308.91,Ewallet,14.71,8.9
541-48-8554,A,Yangon,Normal,Male,Sports and travel,575.9775,Credit card,27.4275,6
539-21-7227,B,Mandalay,Normal,Female,Sports and travel,270.585,Cash,12.885,4.2
213-32-1216,A,Yangon,Normal,Female,Electronic accessories,416.178,Cash,19.818,7.3
747-58-7183,B,Mandalay,Normal,Male,Fashion accessories,180.4005,Ewallet,8.5905,6.5
582-52-8065,B,Mandalay,Normal,Female,Fashion accessories,513.2295,Cash,24.4395,8.9
210-57-1719,B,Mandalay,Normal,Female,Health and beauty,550.368,Cash,26.208,9.7
399-69-4630,C,Naypyitaw,Normal,Male,Electronic accessories,139.923,Credit card,6.663,8.6
134-75-2619,A,Yangon,Member,Male,Electronic accessories,142.002,Cash,6.762,6.9
356-44-8813,B,Mandalay,Normal,Male,Home and lifestyle,118.062,Credit card,5.622,7.7
198-66-9832,B,Mandalay,Member,Female,Fashion accessories,151.284,Cash,7.204,9.5
283-26-5248,C,Naypyitaw,Member,Female,Food and beverages,1034.46,Ewallet,49.26,4.5
712-39-0363,A,Yangon,Member,Male,Food and beverages,262.458,Ewallet,12.498,5.6
218-59-9410,A,Yangon,Member,Female,Home and lifestyle,228.123,Ewallet,10.863,8.2
174-75-0888,B,Mandalay,Normal,Male,Electronic accessories,203.931,Cash,9.711,7.3
866-99-7614,C,Naypyitaw,Normal,Male,Food and beverages,936.6,Credit card,44.6,4.4
134-54-4720,B,Mandalay,Normal,Female,Electronic accessories,356.328,Ewallet,16.968,5.7
760-90-2357,A,Yangon,Member,Male,Electronic accessories,469.413,Ewallet,22.353,5
514-37-2845,B,Mandalay,Normal,Male,Fashion accessories,208.425,Cash,9.925,9
698-98-5964,A,Yangon,Normal,Female,Food and beverages,852.705,Credit card,40.605,6.3
718-57-9773,C,Naypyitaw,Normal,Female,Sports and travel,517.965,Credit card,24.665,9.4
651-88-7328,A,Yangon,Normal,Female,Fashion accessories,621.243,Cash,29.583,7.7
241-11-2261,B,Mandalay,Normal,Female,Fashion accessories,586.971,Credit card,27.951,5.5
408-26-9866,C,Naypyitaw,Normal,Female,Sports and travel,543.753,Ewallet,25.893,4.1
834-83-1826,B,Mandalay,Member,Female,Home and lifestyle,430.71,Credit card,20.51,7.6
343-61-3544,B,Mandalay,Member,Male,Sports and travel,280.035,Cash,13.335,8.6
239-48-4278,A,Yangon,Member,Male,Food and beverages,74.4555,Ewallet,3.5455,8.3
355-34-6244,B,Mandalay,Normal,Male,Food and beverages,152.019,Credit card,7.239,8.1
550-84-8664,A,Yangon,Normal,Male,Sports and travel,451.0275,Credit card,21.4775,8.6
339-96-8318,B,Mandalay,Member,Male,Fashion accessories,597.6285,Ewallet,28.4585,6.3
458-61-0011,B,Mandalay,Normal,Male,Food and beverages,253.26,Cash,12.06,5.8
592-34-6155,C,Naypyitaw,Normal,Male,Food and beverages,133.434,Ewallet,6.354,6.2
797-88-0493,A,Yangon,Normal,Female,Health and beauty,269.934,Cash,12.854,7.7
207-73-1363,B,Mandalay,Normal,Male,Health and beauty,145.971,Ewallet,6.951,8.1
390-31-6381,C,Naypyitaw,Normal,Male,Food and beverages,85.743,Cash,4.083,7.3
443-82-0585,A,Yangon,Member,Female,Health and beauty,326.256,Cash,15.536,8.4
339-18-7061,C,Naypyitaw,Member,Female,Fashion accessories,195.258,Credit card,9.298,8
359-90-3665,B,Mandalay,Member,Female,Fashion accessories,75.936,Credit card,3.616,9.5
375-72-3056,B,Mandalay,Normal,Male,Sports and travel,198.639,Ewallet,9.459,7
127-47-6963,A,Yangon,Normal,Male,Health and beauty,217.182,Credit card,10.342,9.8
278-86-2735,A,Yangon,Normal,Female,Food and beverages,164.871,Cash,7.851,9.2
695-28-6250,A,Yangon,Normal,Female,Sports and travel,226.065,Ewallet,10.765,7.7
379-17-6588,C,Naypyitaw,Normal,Male,Fashion accessories,625.905,Cash,29.805,5.3
227-50-3718,A,Yangon,Normal,Male,Health and beauty,76.755,Cash,3.655,4.4
302-15-2162,C,Naypyitaw,Member,Male,Health and beauty,293.139,Credit card,13.959,4.3
788-07-8452,C,Naypyitaw,Member,Female,Home and lifestyle,178.164,Ewallet,8.484,9.4
560-49-6611,A,Yangon,Member,Female,Sports and travel,47.859,Cash,2.279,9.8
880-35-0356,A,Yangon,Member,Female,Sports and travel,236.88,Ewallet,11.28,4.8
585-11-6748,B,Mandalay,Member,Male,Sports and travel,304.92,Cash,14.52,5.3
470-31-3286,B,Mandalay,Normal,Male,Health and beauty,46.683,Credit card,2.223,8.7
152-68-2907,A,Yangon,Normal,Male,Food and beverages,164.43,Credit card,7.83,9.5
123-35-4896,C,Naypyitaw,Normal,Female,Sports and travel,440.937,Ewallet,20.997,5.3
258-69-7810,C,Naypyitaw,Normal,Female,Fashion accessories,193.4625,Cash,9.2125,9.2
334-64-2006,A,Yangon,Member,Female,Home and lifestyle,147.672,Ewallet,7.032,9.6
219-61-4139,C,Naypyitaw,Normal,Male,Electronic accessories,87.234,Ewallet,4.154,6.4
881-41-7302,C,Naypyitaw,Normal,Female,Fashion accessories,68.2395,Credit card,3.2495,4.5
373-09-4567,C,Naypyitaw,Normal,Male,Food and beverages,814.38,Ewallet,38.78,6.9
642-30-6693,B,Mandalay,Normal,Female,Sports and travel,343.413,Ewallet,16.353,7.8
484-22-8230,C,Naypyitaw,Member,Female,Fashion accessories,381.3915,Cash,18.1615,4.5
830-58-2383,B,Mandalay,Normal,Male,Home and lifestyle,133.35,Cash,6.35,8.6
559-98-9873,A,Yangon,Member,Female,Fashion accessories,394.3275,Ewallet,18.7775,5.2
544-32-5024,C,Naypyitaw,Member,Female,Food and beverages,209.118,Credit card,9.958,6.4
318-12-0304,A,Yangon,Normal,Male,Fashion accessories,32.1405,Ewallet,1.5305,5.2
349-97-8902,B,Mandalay,Member,Male,Food and beverages,121.569,Ewallet,5.789,8.9
421-95-9805,A,Yangon,Normal,Female,Electronic accessories,30.408,Credit card,1.448,6.2
277-35-5865,C,Naypyitaw,Member,Female,Food and beverages,935.2665,Cash,44.5365,6.7
789-23-8625,B,Mandalay,Member,Male,Fashion accessories,293.643,Cash,13.983,7.2
284-54-4231,C,Naypyitaw,Member,Male,Sports and travel,84.9765,Credit card,4.0465,9
443-59-0061,A,Yangon,Member,Male,Food and beverages,708.225,Ewallet,33.725,4.2
509-29-3912,A,Yangon,Member,Female,Sports and travel,365.904,Ewallet,17.424,4.2
327-40-9673,B,Mandalay,Member,Male,Sports and travel,457.38,Cash,21.78,6.9
840-19-2096,C,Naypyitaw,Member,Male,Electronic accessories,461.5275,Ewallet,21.9775,4.4
828-46-6863,A,Yangon,Member,Male,Food and beverages,620.739,Credit card,29.559,4
641-96-3695,C,Naypyitaw,Member,Female,Fashion accessories,273.798,Ewallet,13.038,8.5
420-97-3340,A,Yangon,Normal,Female,Food and beverages,225.792,Credit card,10.752,9.2
436-54-4512,A,Yangon,Member,Female,Food and beverages,96.1905,Cash,4.5805,9.8
670-79-6321,B,Mandalay,Member,Female,Home and lifestyle,695.2365,Credit card,33.1065,4.9
852-62-7105,B,Mandalay,Normal,Female,Fashion accessories,874.125,Credit card,41.625,4.4
598-06-7312,B,Mandalay,Member,Male,Fashion accessories,95.9175,Cash,4.5675,6.8
135-13-8269,B,Mandalay,Member,Female,Food and beverages,165.648,Cash,7.888,9.1
816-57-2053,A,Yangon,Normal,Male,Sports and travel,127.827,Ewallet,6.087,8.7
628-90-8624,B,Mandalay,Member,Male,Health and beauty,867.09,Cash,41.29,5
856-66-2701,A,Yangon,Member,Male,Home and lifestyle,167.895,Ewallet,7.995,7.5
308-39-1707,A,Yangon,Normal,Female,Fashion accessories,12.6945,Credit card,0.6045,8.2
149-61-1929,A,Yangon,Normal,Male,Sports and travel,673.995,Credit card,32.095,6.7
655-07-2265,A,Yangon,Normal,Male,Electronic accessories,246.6765,Ewallet,11.7465,5.4
589-02-8023,A,Yangon,Member,Male,Food and beverages,175.917,Credit card,8.377,7
420-04-7590,B,Mandalay,Normal,Male,Home and lifestyle,314.055,Ewallet,14.955,4.7
182-88-2763,B,Mandalay,Member,Male,Food and beverages,251.7165,Credit card,11.9865,5
188-55-0967,B,Mandalay,Member,Male,Health and beauty,697.935,Credit card,33.235,5
610-46-4100,A,Yangon,Normal,Male,Health and beauty,212.7825,Credit card,10.1325,6
318-81-2368,C,Naypyitaw,Normal,Female,Electronic accessories,48.51,Cash,2.31,6.3
364-33-8584,B,Mandalay,Member,Female,Food and beverages,92.5575,Cash,4.4075,8.5
665-63-9737,B,Mandalay,Normal,Male,Fashion accessories,165.123,Ewallet,7.863,7.5
695-09-5146,B,Mandalay,Member,Female,Food and beverages,311.1885,Ewallet,14.8185,6.4
155-45-3814,C,Naypyitaw,Member,Female,Electronic accessories,743.82,Ewallet,35.42,4.7
794-32-2436,B,Mandalay,Member,Male,Electronic accessories,116.907,Ewallet,5.567,6
131-15-8856,C,Naypyitaw,Member,Female,Food and beverages,609.168,Credit card,29.008,4
273-84-2164,C,Naypyitaw,Member,Male,Electronic accessories,63.2625,Ewallet,3.0125,5.5
706-36-6154,A,Yangon,Member,Male,Home and lifestyle,182.952,Ewallet,8.712,8.7
778-89-7974,C,Naypyitaw,Normal,Male,Health and beauty,442.323,Cash,21.063,7.4
574-31-8277,B,Mandalay,Member,Male,Fashion accessories,35.3115,Cash,1.6815,5.6
859-71-0933,C,Naypyitaw,Member,Female,Sports and travel,32.529,Cash,1.549,6.3
740-11-5257,C,Naypyitaw,Normal,Male,Electronic accessories,259.77,Cash,12.37,7.1
369-82-2676,B,Mandalay,Normal,Male,Electronic accessories,397.215,Ewallet,18.915,7.8
563-47-4072,B,Mandalay,Normal,Female,Health and beauty,351.603,Cash,16.743,9.9
742-04-5161,A,Yangon,Member,Male,Home and lifestyle,764.19,Cash,36.39,7.3
149-15-7606,B,Mandalay,Member,Male,Sports and travel,352.674,Ewallet,16.794,5.1
133-77-3154,B,Mandalay,Member,Male,Fashion accessories,252.756,Credit card,12.036,9.4
169-52-4504,A,Yangon,Normal,Female,Electronic accessories,49.4235,Credit card,2.3535,5.8
250-81-7186,C,Naypyitaw,Normal,Female,Electronic accessories,104.6745,Credit card,4.9845,8
562-12-5430,A,Yangon,Member,Female,Fashion accessories,277.6725,Ewallet,13.2225,7.9
816-72-8853,A,Yangon,Member,Female,Sports and travel,146.6325,Cash,6.9825,5.9
491-38-3499,A,Yangon,Member,Male,Fashion accessories,58.2225,Credit card,2.7725,4.9
322-02-2271,B,Mandalay,Normal,Female,Sports and travel,135.3555,Cash,6.4455,9.3
842-29-4695,C,Naypyitaw,Member,Male,Sports and travel,125.979,Credit card,5.999,7.9
725-67-2480,B,Mandalay,Member,Female,Fashion accessories,370.125,Credit card,17.625,5.9
641-51-2661,C,Naypyitaw,Member,Female,Food and beverages,914.55,Credit card,43.55,9.9
714-02-3114,C,Naypyitaw,Normal,Female,Sports and travel,207.48,Cash,9.88,7.7
518-17-2983,A,Yangon,Normal,Female,Fashion accessories,204.246,Ewallet,9.726,7.6
779-42-2410,B,Mandalay,Member,Male,Food and beverages,181.881,Ewallet,8.661,7.7
190-14-3147,B,Mandalay,Normal,Female,Health and beauty,75.474,Ewallet,3.594,6.4
408-66-6712,C,Naypyitaw,Member,Female,Health and beauty,300.573,Ewallet,14.313,4.4
679-22-6530,B,Mandalay,Normal,Female,Sports and travel,85.302,Credit card,4.062,4.1
588-47-8641,A,Yangon,Member,Male,Fashion accessories,588.42,Ewallet,28.02,4.4
642-61-4706,B,Mandalay,Member,Male,Food and beverages,196.14,Cash,9.34,5.5
576-31-4774,B,Mandalay,Normal,Female,Health and beauty,231.2415,Ewallet,11.0115,4
556-41-6224,C,Naypyitaw,Normal,Male,Health and beauty,282.576,Credit card,13.456,9.3
811-03-8790,A,Yangon,Normal,Female,Electronic accessories,477.54,Credit card,22.74,4.8
242-11-3142,B,Mandalay,Member,Male,Fashion accessories,175.917,Cash,8.377,4.6
752-23-3760,B,Mandalay,Member,Female,Sports and travel,470.988,Credit card,22.428,7.3
274-05-5470,A,Yangon,Member,Female,Food and beverages,308.574,Cash,14.694,6
648-94-3045,C,Naypyitaw,Normal,Male,Health and beauty,618.975,Ewallet,29.475,8.1
130-67-4723,A,Yangon,Member,Male,Food and beverages,305.55,Ewallet,14.55,9.4
528-87-5606,B,Mandalay,Member,Female,Electronic accessories,41.454,Cash,1.974,6.5
320-85-2052,B,Mandalay,Normal,Female,Sports and travel,36.5505,Credit card,1.7405,7
370-96-0655,C,Naypyitaw,Normal,Female,Fashion accessories,310.716,Ewallet,14.796,7.1
105-10-6182,A,Yangon,Member,Male,Fashion accessories,45.108,Ewallet,2.148,6.6
510-79-0415,B,Mandalay,Member,Female,Sports and travel,145.404,Ewallet,6.924,4.9
241-96-5076,B,Mandalay,Member,Female,Home and lifestyle,103.11,Credit card,4.91,6.4
767-97-4650,B,Mandalay,Member,Female,Sports and travel,136.143,Credit card,6.483,8
648-83-1321,A,Yangon,Member,Male,Home and lifestyle,667.38,Cash,31.78,4.3
173-57-2300,C,Naypyitaw,Member,Male,Sports and travel,153.048,Cash,7.288,6.1
305-03-2383,A,Yangon,Normal,Female,Food and beverages,211.365,Cash,10.065,7.5
394-55-6384,C,Naypyitaw,Member,Female,Sports and travel,663.2955,Cash,31.5855,6.7
266-20-6657,C,Naypyitaw,Member,Male,Food and beverages,404.544,Ewallet,19.264,5.2
689-05-1884,A,Yangon,Member,Male,Health and beauty,510.615,Cash,24.315,8.8
196-01-2849,C,Naypyitaw,Member,Female,Fashion accessories,539.343,Cash,25.683,9.5
372-62-5264,C,Naypyitaw,Normal,Female,Food and beverages,497.07,Cash,23.67,7.6
800-09-8606,A,Yangon,Member,Female,Home and lifestyle,458.6925,Cash,21.8425,6.6
182-52-7000,A,Yangon,Member,Female,Sports and travel,113.568,Ewallet,5.408,6.9
826-58-8051,B,Mandalay,Normal,Male,Home and lifestyle,261.198,Ewallet,12.438,4.3
868-06-0466,A,Yangon,Member,Male,Electronic accessories,657.531,Credit card,31.311,7.8
751-41-9720,C,Naypyitaw,Normal,Male,Home and lifestyle,1023.75,Ewallet,48.75,8
626-43-7888,C,Naypyitaw,Normal,Female,Fashion accessories,507.444,Ewallet,24.164,9.6
176-64-7711,B,Mandalay,Normal,Male,Food and beverages,101.808,Credit card,4.848,4.3
191-29-0321,B,Mandalay,Member,Female,Fashion accessories,207.585,Credit card,9.885,5
729-06-2010,B,Mandalay,Member,Male,Health and beauty,760.4415,Cash,36.2115,9.2
640-48-5028,B,Mandalay,Member,Female,Home and lifestyle,835.2855,Cash,39.7755,6.3
186-79-9562,B,Mandalay,Normal,Male,Health and beauty,527.5095,Cash,25.1195,8.9
834-45-5519,B,Mandalay,Normal,Female,Electronic accessories,180.6,Ewallet,8.6,7.6
162-65-8559,C,Naypyitaw,Member,Male,Food and beverages,72.429,Cash,3.449,4.8
760-27-5490,C,Naypyitaw,Normal,Male,Fashion accessories,131.208,Ewallet,6.248,9.1
445-30-9252,A,Yangon,Normal,Male,Sports and travel,80.955,Ewallet,3.855,6.1
786-94-2700,A,Yangon,Member,Male,Food and beverages,507.906,Cash,24.186,9.1
728-88-7867,C,Naypyitaw,Member,Female,Home and lifestyle,317.226,Ewallet,15.106,8.3
183-21-3799,C,Naypyitaw,Normal,Female,Electronic accessories,733.6035,Ewallet,34.9335,7.2
268-20-3585,C,Naypyitaw,Normal,Female,Health and beauty,130.8825,Ewallet,6.2325,6
735-32-9839,C,Naypyitaw,Member,Male,Fashion accessories,829.08,Ewallet,39.48,8.5
258-92-7466,A,Yangon,Normal,Female,Health and beauty,187.32,Credit card,8.92,6.6
857-16-3520,A,Yangon,Member,Female,Fashion accessories,525.231,Ewallet,25.011,4.5
482-17-1179,A,Yangon,Member,Male,Electronic accessories,37.611,Credit card,1.791,8.1
788-21-5741,A,Yangon,Normal,Male,Fashion accessories,142.947,Credit card,6.807,7.2
821-14-9046,B,Mandalay,Member,Female,Fashion accessories,110.124,Credit card,5.244,6.1
418-05-0656,B,Mandalay,Normal,Female,Fashion accessories,187.866,Cash,8.946,7.1
678-79-0726,C,Naypyitaw,Member,Female,Sports and travel,856.4535,Cash,40.7835,5.1
776-68-1096,B,Mandalay,Normal,Male,Home and lifestyle,138.978,Credit card,6.618,7.9
592-46-1692,C,Naypyitaw,Member,Female,Food and beverages,270.2595,Cash,12.8695,7.4
434-35-9162,B,Mandalay,Member,Male,Food and beverages,98.028,Ewallet,4.668,7.4
149-14-0304,C,Naypyitaw,Member,Female,Health and beauty,239.4,Cash,11.4,6.6
442-44-6497,C,Naypyitaw,Member,Male,Home and lifestyle,175.0455,Credit card,8.3355,5.9
174-64-0215,B,Mandalay,Normal,Male,Sports and travel,732.27,Credit card,34.87,8.9
210-74-9613,C,Naypyitaw,Normal,Male,Fashion accessories,408.492,Ewallet,19.452,6.8
299-29-0180,B,Mandalay,Member,Female,Home and lifestyle,383.523,Cash,18.263,9.3
247-11-2470,A,Yangon,Member,Female,Fashion accessories,93.744,Credit card,4.464,4.4
635-28-5728,A,Yangon,Normal,Male,Health and beauty,176.4,Ewallet,8.4,4.8
756-49-0168,A,Yangon,Member,Male,Fashion accessories,20.685,Ewallet,0.985,9.5
438-23-1242,B,Mandalay,Normal,Male,Electronic accessories,557.718,Ewallet,26.558,8.9
238-45-6950,B,Mandalay,Member,Male,Food and beverages,56.406,Ewallet,2.686,6.4
607-65-2441,C,Naypyitaw,Member,Male,Health and beauty,860.475,Credit card,40.975,6
386-27-7606,C,Naypyitaw,Member,Female,Home and lifestyle,596.82,Credit card,28.42,8.1
137-63-5492,C,Naypyitaw,Normal,Male,Electronic accessories,616.98,Ewallet,29.38,9
197-77-7132,B,Mandalay,Member,Male,Electronic accessories,769.104,Ewallet,36.624,6
805-86-0265,A,Yangon,Normal,Male,Home and lifestyle,887.922,Cash,42.282,9.8
733-29-1227,C,Naypyitaw,Normal,Male,Home and lifestyle,408.7335,Cash,19.4635,8.5
451-73-2711,C,Naypyitaw,Normal,Male,Food and beverages,89.0715,Ewallet,4.2415,8.8
373-14-0504,A,Yangon,Member,Female,Sports and travel,150.423,Ewallet,7.163,8.8
546-80-2899,A,Yangon,Member,Male,Home and lifestyle,79.149,Ewallet,3.769,9.5
345-68-9016,C,Naypyitaw,Member,Female,Sports and travel,266.028,Credit card,12.668,5.6
390-17-5806,C,Naypyitaw,Member,Female,Food and beverages,40.341,Cash,1.921,8.6
457-13-1708,B,Mandalay,Member,Male,Fashion accessories,684.915,Credit card,32.615,5.2
664-14-2882,C,Naypyitaw,Member,Female,Home and lifestyle,55.2825,Credit card,2.6325,5.8
487-79-6868,B,Mandalay,Member,Female,Home and lifestyle,116.1405,Credit card,5.5305,8
314-23-4520,C,Naypyitaw,Member,Male,Health and beauty,597.0405,Cash,28.4305,9
210-30-7976,B,Mandalay,Member,Female,Fashion accessories,93.744,Ewallet,4.464,4.1
585-86-8361,A,Yangon,Normal,Female,Food and beverages,143.22,Credit card,6.82,8.6
807-14-7833,A,Yangon,Member,Female,Electronic accessories,182.91,Ewallet,8.71,7
775-72-1988,B,Mandalay,Normal,Male,Home and lifestyle,384.72,Ewallet,18.32,8.4
288-38-3758,C,Naypyitaw,Member,Female,Fashion accessories,267.3405,Ewallet,12.7305,7.4
652-43-6591,A,Yangon,Normal,Female,Fashion accessories,817.236,Credit card,38.916,6.2
785-96-0615,B,Mandalay,Member,Female,Electronic accessories,300.216,Ewallet,14.296,4.9
406-46-7107,A,Yangon,Normal,Female,Home and lifestyle,608.076,Cash,28.956,4.5
250-17-5703,A,Yangon,Member,Male,Food and beverages,197.925,Ewallet,9.425,5.6
156-95-3964,A,Yangon,Normal,Female,Food and beverages,232.638,Ewallet,11.078,8
842-40-8179,B,Mandalay,Member,Female,Food and beverages,810.6,Credit card,38.6,5.6
525-09-8450,B,Mandalay,Normal,Male,Electronic accessories,757.365,Credit card,36.065,4.2
410-67-1709,A,Yangon,Member,Female,Fashion accessories,536.592,Ewallet,25.552,9.9
587-73-4862,A,Yangon,Member,Female,Health and beauty,56.1225,Ewallet,2.6725,7.6
787-87-2010,A,Yangon,Member,Male,Health and beauty,233.1,Credit card,11.1,6.6
593-14-4239,B,Mandalay,Normal,Female,Home and lifestyle,801.864,Ewallet,38.184,4.7
801-88-0346,C,Naypyitaw,Normal,Female,Fashion accessories,239.589,Credit card,11.409,9.8
388-76-2555,B,Mandalay,Normal,Male,Sports and travel,86.247,Cash,4.107,6.3
711-31-1234,B,Mandalay,Normal,Female,Electronic accessories,401.688,Cash,19.128,7.9
886-54-6089,A,Yangon,Normal,Female,Home and lifestyle,72.009,Cash,3.429,7.7
707-32-7409,B,Mandalay,Member,Female,Sports and travel,401.268,Ewallet,19.108,4.5
759-98-4285,C,Naypyitaw,Member,Female,Health and beauty,631.1445,Credit card,30.0545,8
201-63-8275,C,Naypyitaw,Member,Female,Sports and travel,499.7265,Ewallet,23.7965,5.7
471-06-8611,C,Naypyitaw,Normal,Female,Food and beverages,55.041,Credit card,2.621,6.3
200-16-5952,C,Naypyitaw,Member,Male,Food and beverages,137.865,Cash,6.565,6
120-54-2248,B,Mandalay,Normal,Female,Food and beverages,151.515,Credit card,7.215,8
102-77-2261,C,Naypyitaw,Member,Male,Health and beauty,480.0285,Credit card,22.8585,4.2
875-31-8302,B,Mandalay,Normal,Male,Sports and travel,98.049,Cash,4.669,9.6
102-06-2002,C,Naypyitaw,Member,Male,Sports and travel,132.5625,Cash,6.3125,6.1
457-94-0464,B,Mandalay,Member,Male,Electronic accessories,830.3715,Ewallet,39.5415,5.6
629-42-4133,C,Naypyitaw,Normal,Male,Health and beauty,183.12,Cash,8.72,8.3
534-53-3526,A,Yangon,Normal,Female,Sports and travel,397.992,Ewallet,18.952,7.8
307-04-2070,A,Yangon,Member,Female,Fashion accessories,32.151,Credit card,1.531,4.1
468-99-7231,C,Naypyitaw,Normal,Female,Home and lifestyle,369.684,Cash,17.604,8.8
516-77-6464,C,Naypyitaw,Member,Female,Health and beauty,53.34,Ewallet,2.54,4.1
404-91-5964,A,Yangon,Normal,Male,Electronic accessories,548.163,Credit card,26.103,9
886-77-9084,C,Naypyitaw,Normal,Male,Electronic accessories,603.876,Ewallet,28.756,5.5
790-38-4466,C,Naypyitaw,Normal,Female,Health and beauty,57.6975,Credit card,2.7475,9.3
704-10-4056,C,Naypyitaw,Member,Male,Health and beauty,190.4805,Credit card,9.0705,5.6
497-37-6538,A,Yangon,Normal,Male,Sports and travel,432.9885,Ewallet,20.6185,9.7
651-96-5970,A,Yangon,Normal,Male,Fashion accessories,48.7305,Credit card,2.3205,4
400-80-4065,C,Naypyitaw,Member,Male,Health and beauty,287.91,Credit card,13.71,9.2
744-16-7898,B,Mandalay,Normal,Female,Home and lifestyle,1022.385,Credit card,48.685,4.9
263-12-5321,A,Yangon,Member,Male,Electronic accessories,680.61,Credit card,32.41,9.3
702-72-0487,A,Yangon,Normal,Female,Electronic accessories,97.881,Credit card,4.661,6.6
605-83-1050,B,Mandalay,Normal,Male,Fashion accessories,57.078,Ewallet,2.718,4.3
443-60-9639,C,Naypyitaw,Member,Female,Home and lifestyle,63.9135,Cash,3.0435,5.5
864-24-7918,A,Yangon,Member,Female,Sports and travel,257.145,Cash,12.245,8.1
359-94-5395,B,Mandalay,Normal,Male,Health and beauty,97.419,Credit card,4.639,9.8
401-09-4232,C,Naypyitaw,Member,Male,Home and lifestyle,455.1225,Ewallet,21.6725,9.4
751-15-6198,B,Mandalay,Normal,Male,Sports and travel,144.963,Ewallet,6.903,7.9
324-41-6833,C,Naypyitaw,Member,Female,Electronic accessories,253.68,Ewallet,12.08,5.1
474-33-8305,C,Naypyitaw,Member,Male,Fashion accessories,495.3165,Ewallet,23.5865,6.9
759-29-9521,A,Yangon,Member,Female,Fashion accessories,462.672,Cash,22.032,8
831-81-6575,B,Mandalay,Member,Female,Electronic accessories,714.3255,Cash,34.0155,8
220-68-6701,A,Yangon,Normal,Female,Home and lifestyle,325.374,Cash,15.494,4.2
618-34-8551,A,Yangon,Normal,Female,Sports and travel,195.678,Credit card,9.318,8.5
257-60-7754,A,Yangon,Normal,Female,Electronic accessories,210.966,Cash,10.046,9
559-61-5987,B,Mandalay,Normal,Female,Health and beauty,18.6375,Cash,0.8875,8.6
189-55-2313,C,Naypyitaw,Normal,Female,Fashion accessories,652.89,Ewallet,31.09,6
565-91-4567,B,Mandalay,Normal,Male,Health and beauty,90.3,Ewallet,4.3,6.2
380-60-5336,A,Yangon,Normal,Female,Electronic accessories,422.73,Credit card,20.13,5
815-04-6282,C,Naypyitaw,Member,Female,Sports and travel,341.0925,Credit card,16.2425,6.5
674-56-6360,A,Yangon,Normal,Male,Electronic accessories,99.9075,Cash,4.7575,6
778-34-2523,A,Yangon,Member,Female,Electronic accessories,408.408,Cash,19.448,5
499-27-7781,B,Mandalay,Normal,Female,Food and beverages,446.964,Ewallet,21.284,5
477-59-2456,C,Naypyitaw,Normal,Female,Fashion accessories,333.984,Cash,15.904,9.2
832-51-6761,A,Yangon,Normal,Male,Food and beverages,284.592,Ewallet,13.552,9.6
869-11-3082,B,Mandalay,Member,Male,Health and beauty,403.872,Credit card,19.232,8.4
190-59-3964,B,Mandalay,Member,Male,Food and beverages,247.59,Credit card,11.79,6
366-43-6862,B,Mandalay,Normal,Male,Electronic accessories,222.138,Ewallet,10.578,6.7
186-43-8965,A,Yangon,Member,Female,Home and lifestyle,100.128,Credit card,4.768,4.1
784-21-9238,C,Naypyitaw,Member,Male,Sports and travel,10.6785,Cash,0.5085,5.9
276-75-6884,A,Yangon,Normal,Female,Health and beauty,216.4365,Cash,10.3065,8.7
109-86-4363,B,Mandalay,Member,Female,Sports and travel,441.588,Credit card,21.028,4.5
569-76-2760,A,Yangon,Member,Female,Sports and travel,92.442,Credit card,4.402,6.6
222-42-0244,B,Mandalay,Member,Female,Health and beauty,681.4395,Credit card,32.4495,7.7
760-53-9233,A,Yangon,Member,Male,Fashion accessories,130.032,Credit card,6.192,8.5
538-22-0304,C,Naypyitaw,Normal,Male,Electronic accessories,681.975,Cash,32.475,5.2
416-17-9926,A,Yangon,Member,Female,Electronic accessories,779.31,Credit card,37.11,4.3
237-44-6163,A,Yangon,Normal,Male,Electronic accessories,88.704,Cash,4.224,7.6
636-17-0325,B,Mandalay,Normal,Male,Health and beauty,262.794,Cash,12.514,9.5
343-75-9322,B,Mandalay,Member,Female,Sports and travel,99.54,Cash,4.74,4.1
528-14-9470,A,Yangon,Member,Male,Health and beauty,95.865,Ewallet,4.565,9.2
427-45-9297,B,Mandalay,Member,Female,Home and lifestyle,299.3655,Ewallet,14.2555,5.4
807-34-3742,A,Yangon,Normal,Male,Fashion accessories,54.999,Cash,2.619,5.8
288-62-1085,A,Yangon,Member,Male,Fashion accessories,202.335,Ewallet,9.635,5.6
670-71-7306,B,Mandalay,Normal,Male,Sports and travel,281.169,Credit card,13.389,5.1
660-29-7083,C,Naypyitaw,Normal,Male,Electronic accessories,586.635,Cash,27.935,5.8
271-77-8740,C,Naypyitaw,Member,Female,Sports and travel,184.086,Ewallet,8.766,5
497-36-0989,A,Yangon,Normal,Male,Fashion accessories,163.611,Cash,7.791,7.9
291-59-1384,B,Mandalay,Normal,Male,Electronic accessories,63.315,Cash,3.015,6
860-73-6466,A,Yangon,Member,Female,Sports and travel,82.887,Credit card,3.947,5
549-23-9016,C,Naypyitaw,Member,Female,Food and beverages,31.227,Credit card,1.487,8.9
896-34-0956,A,Yangon,Normal,Male,Fashion accessories,22.386,Cash,1.066,5.9
804-38-3935,A,Yangon,Member,Male,Electronic accessories,295.407,Credit card,14.067,5.9
585-90-0249,A,Yangon,Member,Male,Electronic accessories,76.923,Ewallet,3.663,9.7
862-29-5914,C,Naypyitaw,Normal,Female,Sports and travel,23.499,Credit card,1.119,8.6
845-94-6841,C,Naypyitaw,Member,Female,Food and beverages,688.716,Cash,32.796,4
125-45-2293,A,Yangon,Normal,Female,Fashion accessories,624.33,Cash,29.73,4.2
843-73-4724,A,Yangon,Normal,Male,Fashion accessories,77.805,Cash,3.705,9.2
409-33-9708,A,Yangon,Normal,Female,Fashion accessories,206.808,Ewallet,9.848,9.2
658-66-3967,C,Naypyitaw,Normal,Male,Health and beauty,390.9465,Ewallet,18.6165,5
866-70-2814,B,Mandalay,Normal,Female,Electronic accessories,554.295,Ewallet,26.395,10
160-22-2687,A,Yangon,Member,Female,Health and beauty,503.7375,Ewallet,23.9875,8.8
895-03-6665,B,Mandalay,Normal,Female,Fashion accessories,345.0195,Cash,16.4295,4.2
770-42-8960,B,Mandalay,Normal,Male,Food and beverages,177.408,Cash,8.448,6.3
748-45-2862,A,Yangon,Member,Female,Home and lifestyle,118.902,Cash,5.662,8.2
234-36-2483,B,Mandalay,Normal,Male,Health and beauty,362.817,Cash,17.277,5.1
316-66-3011,A,Yangon,Member,Female,Food and beverages,450.1035,Cash,21.4335,5
848-95-6252,C,Naypyitaw,Member,Female,Home and lifestyle,90.5835,Ewallet,4.3135,7
840-76-5966,A,Yangon,Member,Male,Sports and travel,26.796,Ewallet,1.276,7.8
152-03-4217,B,Mandalay,Normal,Female,Home and lifestyle,106.596,Credit card,5.076,4.3
533-66-5566,B,Mandalay,Normal,Female,Home and lifestyle,375.3645,Cash,17.8745,7
124-31-1458,A,Yangon,Member,Female,Electronic accessories,250.7085,Cash,11.9385,6.6
176-78-1170,C,Naypyitaw,Member,Male,Health and beauty,106.5015,Ewallet,5.0715,7.3
361-59-0574,B,Mandalay,Member,Male,Sports and travel,760.452,Credit card,36.212,6.5
101-81-4070,C,Naypyitaw,Member,Female,Health and beauty,131.922,Ewallet,6.282,4.9
631-34-1880,C,Naypyitaw,Member,Male,Food and beverages,76.5765,Credit card,3.6465,4.3
852-82-2749,A,Yangon,Normal,Male,Sports and travel,271.278,Ewallet,12.918,9.3
873-14-6353,A,Yangon,Member,Male,Food and beverages,182.427,Credit card,8.687,7.1
584-66-4073,C,Naypyitaw,Normal,Male,Fashion accessories,59.325,Ewallet,2.825,9.6
544-55-9589,B,Mandalay,Member,Female,Electronic accessories,225.015,Cash,10.715,6.2
166-19-2553,A,Yangon,Member,Male,Sports and travel,561.078,Cash,26.718,9.9
737-88-5876,A,Yangon,Member,Male,Home and lifestyle,97.818,Credit card,4.658,5.9
154-87-7367,C,Naypyitaw,Normal,Male,Home and lifestyle,548.184,Ewallet,26.104,6.3
885-56-0389,C,Naypyitaw,Member,Male,Fashion accessories,54.9675,Cash,2.6175,4
608-05-3804,B,Mandalay,Member,Male,Electronic accessories,41.7375,Cash,1.9875,6.1
448-61-3783,A,Yangon,Normal,Female,Electronic accessories,756.168,Credit card,36.008,4.5
761-49-0439,B,Mandalay,Member,Female,Electronic accessories,101.64,Ewallet,4.84,8.6
490-95-0021,B,Mandalay,Member,Female,Food and beverages,348.705,Ewallet,16.605,6
115-38-7388,C,Naypyitaw,Member,Female,Fashion accessories,85.512,Credit card,4.072,9.5
311-13-6971,B,Mandalay,Member,Male,Sports and travel,335.895,Credit card,15.995,9.9
291-55-6563,A,Yangon,Member,Female,Home and lifestyle,216.846,Ewallet,10.326,7.5
548-48-3156,A,Yangon,Member,Female,Food and beverages,175.014,Cash,8.334,7.6
460-93-5834,A,Yangon,Normal,Male,Sports and travel,335.013,Cash,15.953,5
325-89-4209,A,Yangon,Member,Male,Food and beverages,92.295,Ewallet,4.395,6.7
884-80-6021,A,Yangon,Member,Female,Electronic accessories,771.435,Ewallet,36.735,9.5
137-74-8729,C,Naypyitaw,Normal,Female,Fashion accessories,102.396,Ewallet,4.876,6.8
880-46-5796,A,Yangon,Member,Male,Sports and travel,807.66,Ewallet,38.46,5.6
389-70-2397,C,Naypyitaw,Normal,Female,Health and beauty,439.215,Cash,20.915,7.2
114-35-5271,B,Mandalay,Normal,Female,Electronic accessories,486.444,Cash,23.164,8.1
607-76-6216,C,Naypyitaw,Member,Female,Fashion accessories,485.5725,Credit card,23.1225,8.6
715-20-1673,B,Mandalay,Normal,Male,Electronic accessories,148.995,Cash,7.095,9.4
811-35-1094,B,Mandalay,Member,Male,Electronic accessories,317.835,Credit card,15.135,8.9
699-88-1972,B,Mandalay,Normal,Male,Health and beauty,832.944,Credit card,39.664,4.2
781-84-8059,C,Naypyitaw,Normal,Male,Fashion accessories,446.439,Ewallet,21.259,5
409-49-6995,C,Naypyitaw,Member,Female,Food and beverages,297.801,Cash,14.181,8.8
725-54-0677,C,Naypyitaw,Member,Male,Health and beauty,629.16,Cash,29.96,5.3
146-09-5432,A,Yangon,Member,Male,Food and beverages,331.128,Ewallet,15.768,4.6
377-79-7592,C,Naypyitaw,Member,Female,Electronic accessories,423.738,Credit card,20.178,7.5
509-10-0516,B,Mandalay,Normal,Male,Home and lifestyle,193.074,Ewallet,9.194,5.1
595-94-9924,A,Yangon,Member,Female,Health and beauty,145.5825,Credit card,6.9325,4.2
865-41-9075,A,Yangon,Normal,Male,Food and beverages,84.7455,Cash,4.0355,8.1
545-07-8534,C,Naypyitaw,Normal,Female,Health and beauty,122.472,Ewallet,5.832,6
118-62-1812,C,Naypyitaw,Member,Female,Home and lifestyle,329.196,Cash,15.676,7.9
450-42-3339,C,Naypyitaw,Normal,Male,Health and beauty,888.405,Credit card,42.305,8.8
851-98-3555,B,Mandalay,Normal,Female,Health and beauty,435.12,Credit card,20.72,6.6
186-71-5196,A,Yangon,Member,Female,Food and beverages,167.034,Ewallet,7.954,6.2
624-01-8356,B,Mandalay,Normal,Female,Home and lifestyle,514.605,Credit card,24.505,4.2
313-66-9943,B,Mandalay,Member,Female,Food and beverages,91.8225,Credit card,4.3725,7.3
151-27-8496,C,Naypyitaw,Normal,Female,Electronic accessories,235.746,Ewallet,11.226,8.6
453-33-6436,A,Yangon,Normal,Female,Home and lifestyle,782.208,Cash,37.248,6.8
522-57-8364,A,Yangon,Member,Male,Fashion accessories,431.256,Ewallet,20.536,7.6
459-45-2396,A,Yangon,Member,Female,Food and beverages,313.74,Cash,14.94,5.8
717-96-4189,C,Naypyitaw,Normal,Female,Electronic accessories,223.587,Cash,10.647,4.1
722-13-2115,C,Naypyitaw,Member,Male,Sports and travel,44.9925,Credit card,2.1425,9.3
749-81-8133,A,Yangon,Normal,Female,Fashion accessories,397.614,Cash,18.934,6.8
777-67-2495,B,Mandalay,Normal,Male,Home and lifestyle,217.2555,Ewallet,10.3455,8.7
636-98-3364,B,Mandalay,Member,Female,Electronic accessories,82.719,Ewallet,3.939,6.3
246-55-6923,C,Naypyitaw,Member,Female,Home and lifestyle,338.2155,Credit card,16.1055,5.1
181-82-6255,B,Mandalay,Normal,Female,Home and lifestyle,103.131,Cash,4.911,7
838-02-1821,C,Naypyitaw,Member,Female,Home and lifestyle,26.733,Credit card,1.273,5.2
887-42-0517,C,Naypyitaw,Normal,Female,Sports and travel,611.079,Credit card,29.099,6.6
457-12-0244,C,Naypyitaw,Member,Female,Sports and travel,221.886,Ewallet,10.566,6.5
226-34-0034,B,Mandalay,Normal,Female,Electronic accessories,57.876,Ewallet,2.756,9
321-49-7382,B,Mandalay,Member,Male,Sports and travel,92.7255,Credit card,4.4155,5.2
397-25-8725,A,Yangon,Member,Female,Health and beauty,374.409,Credit card,17.829,6.8
431-66-2305,B,Mandalay,Normal,Female,Electronic accessories,833.9625,Credit card,39.7125,7.6
825-94-5922,B,Mandalay,Normal,Male,Sports and travel,53.151,Ewallet,2.531,7.2
641-62-7288,B,Mandalay,Normal,Male,Home and lifestyle,629.496,Ewallet,29.976,7.1
756-93-1854,C,Naypyitaw,Member,Female,Fashion accessories,175.035,Credit card,8.335,9.5
243-55-8457,A,Yangon,Normal,Female,Food and beverages,781.62,Ewallet,37.22,5.1
458-10-8612,C,Naypyitaw,Normal,Male,Health and beauty,470.988,Ewallet,22.428,7.6
501-61-1753,B,Mandalay,Normal,Female,Home and lifestyle,397.845,Ewallet,18.945,9.8
235-06-8510,C,Naypyitaw,Member,Male,Home and lifestyle,270.018,Ewallet,12.858,5.1
433-08-7822,C,Naypyitaw,Normal,Female,Health and beauty,579.8415,Ewallet,27.6115,7.5
361-85-2571,A,Yangon,Normal,Female,Sports and travel,469.77,Cash,22.37,7.4
131-70-8179,A,Yangon,Member,Female,Health and beauty,290.0835,Cash,13.8135,4.2
500-02-2261,C,Naypyitaw,Normal,Female,Food and beverages,360.927,Ewallet,17.187,5.9
720-72-2436,A,Yangon,Normal,Male,Food and beverages,279.384,Ewallet,13.304,6.9
702-83-5291,C,Naypyitaw,Member,Male,Fashion accessories,943.299,Cash,44.919,6.6
809-69-9497,A,Yangon,Normal,Female,Home and lifestyle,479.64,Ewallet,22.84,5.7
449-16-6770,A,Yangon,Normal,Male,Health and beauty,266.6475,Credit card,12.6975,5.3
333-23-2632,A,Yangon,Member,Male,Health and beauty,74.088,Cash,3.528,4.2
489-82-1237,A,Yangon,Normal,Female,Electronic accessories,690.018,Credit card,32.858,7.3
859-97-6048,C,Naypyitaw,Member,Male,Electronic accessories,176.925,Credit card,8.425,5.3
676-10-2200,B,Mandalay,Member,Male,Fashion accessories,56.469,Ewallet,2.689,4.7
373-88-1424,C,Naypyitaw,Member,Male,Home and lifestyle,188.0025,Ewallet,8.9525,7.9
365-16-4334,B,Mandalay,Normal,Female,Food and beverages,222.012,Ewallet,10.572,8.9
503-21-4385,B,Mandalay,Member,Male,Health and beauty,125.7165,Ewallet,5.9865,9.3
305-89-2768,B,Mandalay,Member,Female,Home and lifestyle,68.985,Ewallet,3.285,4.7
574-80-1489,B,Mandalay,Member,Female,Food and beverages,263.97,Ewallet,12.57,8.7
784-08-0310,C,Naypyitaw,Member,Female,Food and beverages,88.368,Cash,4.208,7.6
200-40-6154,B,Mandalay,Member,Male,Home and lifestyle,415.233,Cash,19.773,5.7
846-10-0341,A,Yangon,Normal,Female,Fashion accessories,312.8895,Cash,14.8995,6.8
577-34-7579,C,Naypyitaw,Member,Male,Food and beverages,477.1305,Cash,22.7205,5.4
430-02-3888,B,Mandalay,Normal,Male,Electronic accessories,289.926,Cash,13.806,7.1
867-47-1948,C,Naypyitaw,Normal,Female,Home and lifestyle,165.9,Cash,7.9,7.8
384-59-6655,A,Yangon,Member,Female,Food and beverages,932.337,Cash,44.397,8.4
256-58-3609,C,Naypyitaw,Member,Male,Fashion accessories,96.579,Cash,4.599,9.8
324-92-3863,A,Yangon,Member,Male,Electronic accessories,43.869,Cash,2.089,9.8
593-08-5916,A,Yangon,Normal,Female,Fashion accessories,16.275,Credit card,0.775,7.4
364-34-2972,C,Naypyitaw,Member,Male,Electronic accessories,304.983,Cash,14.523,6.7
794-42-3736,B,Mandalay,Normal,Male,Food and beverages,69.993,Credit card,3.333,6.4
172-42-8274,B,Mandalay,Normal,Female,Electronic accessories,80.367,Credit card,3.827,5.8
558-60-5016,A,Yangon,Normal,Female,Home and lifestyle,314.685,Ewallet,14.985,7.2
195-06-0432,A,Yangon,Member,Male,Home and lifestyle,255.1815,Credit card,12.1515,9.3
605-03-2706,A,Yangon,Normal,Female,Health and beauty,49.77,Cash,2.37,9.5
214-30-2776,B,Mandalay,Member,Female,Electronic accessories,181.0725,Credit card,8.6225,9
746-04-1077,B,Mandalay,Member,Female,Food and beverages,888.615,Credit card,42.315,9
448-34-8700,B,Mandalay,Member,Male,Home and lifestyle,271.2885,Ewallet,12.9185,6.7
452-04-8808,B,Mandalay,Normal,Male,Electronic accessories,640.038,Cash,30.478,5.5
531-56-4728,A,Yangon,Normal,Male,Home and lifestyle,252.252,Cash,12.012,5.4
744-82-9138,C,Naypyitaw,Normal,Male,Fashion accessories,180.873,Cash,8.613,8.2
883-69-1285,B,Mandalay,Member,Male,Fashion accessories,104.832,Credit card,4.992,7
221-25-5073,A,Yangon,Normal,Female,Food and beverages,313.572,Cash,14.932,8.5
518-71-6847,B,Mandalay,Member,Male,Food and beverages,167.58,Ewallet,7.98,4.9
156-20-0370,B,Mandalay,Normal,Female,Electronic accessories,26.7225,Credit card,1.2725,5.1
151-33-7434,B,Mandalay,Normal,Female,Food and beverages,71.1585,Credit card,3.3885,6.5
728-47-9078,C,Naypyitaw,Member,Male,Food and beverages,250.278,Cash,11.918,9.8
809-46-1866,A,Yangon,Normal,Male,Health and beauty,244.23,Cash,11.63,8.4
139-32-4183,A,Yangon,Member,Female,Sports and travel,921.186,Ewallet,43.866,7.4
148-41-7930,C,Naypyitaw,Normal,Male,Health and beauty,734.706,Cash,34.986,6.1
189-40-5216,C,Naypyitaw,Normal,Male,Electronic accessories,708.3195,Cash,33.7295,6
374-38-5555,B,Mandalay,Normal,Female,Fashion accessories,334.4775,Ewallet,15.9275,8.5
764-44-8999,B,Mandalay,Normal,Female,Health and beauty,30.996,Ewallet,1.476,4.3
552-44-5977,B,Mandalay,Member,Male,Health and beauty,520.8,Credit card,24.8,6.2
267-62-7380,C,Naypyitaw,Member,Male,Electronic accessories,864.57,Ewallet,41.17,4.3
430-53-4718,B,Mandalay,Member,Male,Health and beauty,633.108,Credit card,30.148,8.4
886-18-2897,A,Yangon,Normal,Female,Food and beverages,296.94,Credit card,14.14,4.5
602-16-6955,B,Mandalay,Normal,Female,Sports and travel,804.3,Ewallet,38.3,6
745-74-0715,A,Yangon,Normal,Male,Electronic accessories,121.863,Ewallet,5.803,8.8
690-01-6631,B,Mandalay,Normal,Male,Fashion accessories,183.645,Ewallet,8.745,6.6
652-49-6720,C,Naypyitaw,Member,Female,Electronic accessories,63.9975,Ewallet,3.0475,5.9
233-67-5758,C,Naypyitaw,Normal,Male,Health and beauty,42.3675,Ewallet,2.0175,6.2
303-96-2227,B,Mandalay,Normal,Female,Home and lifestyle,1022.49,Ewallet,48.69,4.4
727-02-1313,A,Yangon,Member,Male,Food and beverages,33.432,Cash,1.592,7.7
347-56-2442,A,Yangon,Normal,Male,Home and lifestyle,69.111,Cash,3.291,4.1
849-09-3807,A,Yangon,Member,Female,Fashion accessories,649.299,Cash,30.919,6.6